acceptance_backward_accepted,acceptance_backward_latency_vs_flex,acceptance_backward_latency_vs_flex_ci95,acceptance_backward_sdpa_speedup,acceptance_backward_sdpa_speedup_ci95,acceptance_forward_accepted,acceptance_forward_latency_vs_flex,acceptance_forward_latency_vs_flex_ci95,acceptance_forward_sdpa_speedup,acceptance_forward_sdpa_speedup_ci95,accepted,accuracy_valid,anchor_distribution,backend,backward_bootstrap_median_ci95_ms,backward_effective_tflops,backward_iterations_per_round,backward_p50_ms,backward_p90_ms,backward_p99_ms,backward_qk_pairs_per_second,backward_query_tokens_per_second,backward_rounds,baseline_allocated_mib,baseline_reserved_mib,batch_size,block_size,context_len,dK_actual_inf,dK_actual_nan,dK_cosine,dK_max_abs,dK_mean_abs,dK_reference_inf,dK_reference_nan,dK_relative_l2,dK_rmse,dQ_actual_inf,dQ_actual_nan,dQ_cosine,dQ_max_abs,dQ_mean_abs,dQ_reference_inf,dQ_reference_nan,dQ_relative_l2,dQ_rmse,dV_actual_inf,dV_actual_nan,dV_cosine,dV_max_abs,dV_mean_abs,dV_reference_inf,dV_reference_nan,dV_relative_l2,dV_rmse,dtype,error,forward_backward_bootstrap_median_ci95_ms,forward_backward_effective_tflops,forward_backward_iterations_per_round,forward_backward_p50_ms,forward_backward_p90_ms,forward_backward_p99_ms,forward_backward_qk_pairs_per_second,forward_backward_query_tokens_per_second,forward_backward_rounds,forward_bootstrap_median_ci95_ms,forward_effective_tflops,forward_iterations_per_round,forward_p50_ms,forward_p90_ms,forward_p99_ms,forward_qk_pairs_per_second,forward_query_tokens_per_second,forward_rounds,head_dim,kv_heads,memory_not_above_sdpa,num_anchors,output_actual_inf,output_actual_nan,output_cosine,output_max_abs,output_mean_abs,output_reference_inf,output_reference_nan,output_relative_l2,output_rmse,peak_allocated_delta_mib,peak_allocated_mib,peak_reserved_delta_mib,peak_reserved_mib,query_heads,status
,,,,,,,,,,,True,uniform,flex,"[0.2712838611905537, 0.2883282616024926]",7.690774695204328,1008,0.28359146723671563,0.2867716955760169,0.28817260499984504,7510522163.285477,902706.9907795044,5,34.0361328125,80.0,1,4,512,0.0,0.0,0.999991774559021,0.015625,0.00026975112268701196,0.0,0.0,0.00404574116691947,0.0006484247860498726,0.0,0.0,0.9999933242797852,0.015625,0.0002646256471052766,0.0,0.0,0.0036702589131891727,0.000507304968778044,0.0,0.0,0.9999964833259583,0.015625,0.0001445579982828349,0.0,0.0,0.002671814290806651,0.00048801369848661125,bfloat16,,"[0.5064500711731992, 0.5161384274160691]",6.443411684243199,767,0.5077367829841305,0.5150506806653358,0.5160296527409958,4194929481.9291663,504198.2550395632,5,"[0.04345073321564595, 0.09135940966581615]",15.340656005699792,1361,0.0710868583191501,0.08827107336309183,0.09105057603554373,29962218761.132404,3601228.2164822603,5,128,8,,64,0.0,0.0,0.9999993443489075,0.00390625,6.667223351541907e-05,0.0,0.0,0.001116484752856195,0.00017868967552203685,7.5625,41.5986328125,0.0,80.0,32,ok
,,,,,,,,,,,True,uniform,sdpa,"[0.35065954503878743, 0.3543645652806815]",6.209337982792671,852,0.3512513066681338,0.3531954698159661,0.35424765573420997,6063806623.820968,728822.9115169432,5,48.0986328125,118.0,1,4,512,0.0,0.0,1.0000001192092896,0.0,0.0,0.0,0.0,0.0,0.0,0.0,0.0,0.9999999403953552,0.00048828125,1.7390338058476118e-09,0.0,0.0,4.591344350046711e-06,6.346178906824207e-07,0.0,0.0,1.0000001192092896,0.0,0.0,0.0,0.0,0.0,0.0,bfloat16,,"[0.5171676366695529, 0.53967861684804]",6.223031452765979,397,0.5257175935605911,0.5352171621634918,0.5392324713795851,4051452768.7278514,486953.45777978987,5,"[0.16001544575372162, 0.2006882959673784]",6.463735332429861,1629,0.16871344260162485,0.1949147673455245,0.200110943105193,12624483071.152073,1517365.7537442395,5,128,8,,64,0.0,0.0,0.9999998807907104,0.0,0.0,0.0,0.0,0.0,0.0,46.94140625,95.0400390625,0.0,118.0,32,ok
False,1.4143722237483,"[1.3911362414573971, 1.4785394619176975]",0.8757115345665126,"[0.8729052381981462, 0.8834732607874272]",False,1.5931466763033952,"[1.23962920157068, 3.2790374950644496]",1.4897198493091852,"[0.9667322345630371, 1.7720540427390983]",False,True,uniform,triton,"[0.40037817346589855, 0.40196114831579194]",5.437588893553505,674,0.40110389415163666,0.4019571276022348,0.40196074624443623,5310145403.860845,638238.6302717361,5,34.03662109375,118.0,1,4,512,0.0,0.0,0.9999921321868896,0.015625,0.00026136625092476606,0.0,0.0,0.0039788526482880116,0.0006377043901011348,0.0,0.0,0.9999939203262329,0.015625,0.0002466534497216344,0.0,0.0,0.003513836767524481,0.0004856842278968543,0.0,0.0,0.9999964833259583,0.015625,0.00014458002988249063,0.0,0.0,0.0026721954345703125,0.0004880833439528942,bfloat16,,"[0.5403025841141578, 0.5507392966409654]",5.982870870100128,459,0.5468206135535811,0.5494776773556644,0.5506131347124354,3895098222.7214375,468160.84407709586,5,"[0.10570442235028302, 0.1733136706882053]",9.629154825401871,1728,0.11325179206000434,0.17019699944390193,0.17300200356377496,18806943018.36303,2260449.882014787,5,128,8,True,64,0.0,0.0,0.9999995231628418,0.00390625,3.953109262511134e-05,0.0,0.0,0.0008976223180070519,0.00014366146933753043,8.06298828125,42.099609375,0.0,118.0,32,ok
False,1.3545475834891296,"[1.3176272224642094, 1.4891859306014255]",0.9143880108784784,"[0.8343954865904348, 0.9400094726264798]",False,1.1685886184113519,"[0.9092801043072176, 2.2118420300207213]",2.0309475799760777,"[1.4431422558112936, 2.4158561566838928]",False,True,uniform,tilelang,"[0.37366783728966346, 0.4209650127704327]",5.677744206957974,650,0.38413813664362984,0.4163073918269231,0.42049925067608174,5544672077.107396,666426.932344639,5,28.03271484375,118.0,1,4,512,0.0,0.0,0.999991774559021,0.03125,0.00026462291134521365,0.0,0.0,0.004060554318130016,0.0006507989601232111,0.0,0.0,0.9999933838844299,0.015625,0.0002529469202272594,0.0,0.0,0.0036229416728019714,0.0005007647559978068,0.0,0.0,0.9999964237213135,0.015625,0.00014456994540523738,0.0,0.0,0.0026723460759967566,0.0004881108761765063,bfloat16,,"[0.4962842143173759, 0.5863507859250332]",5.642976377935182,564,0.579757365774601,0.5841205786305962,0.5861277651955895,3673812746.0515504,441564.0319773498,5,"[0.07818647272446576, 0.11690700755399816]",13.127507631004296,1360,0.08307129355037914,0.11036013883702896,0.11625232068230124,25639663341.805264,3081690.3055054406,5,128,8,True,64,0.0,0.0,0.9999995231628418,0.00390625,3.9518017729278654e-05,0.0,0.0,0.000897271849680692,0.0001436053862562403,18.06298828125,46.095703125,0.0,118.0,32,ok
,,,,,,,,,,,True,uniform,flex,"[0.33083345105313156, 0.3362106547165717]",13.301311804803477,477,0.3329885870655628,0.33501137147659527,0.33609072639257404,12989562309.378395,1537590.2354851319,5,52.0673828125,146.0,1,8,512,0.0,0.0,0.9999918937683105,0.015625,0.0003178329498041421,0.0,0.0,0.004041886888444424,0.0007662807474844158,0.0,0.0,0.9999931454658508,0.015625,0.0002596104168333113,0.0,0.0,0.003680931171402335,0.0004913043812848628,0.0,0.0,0.9999964237213135,0.015625,0.00016901780327316374,0.0,0.0,0.0026823950465768576,0.0005541832651942968,bfloat16,,"[0.4826163507276966, 0.4989834693170363]",13.455878064699544,620,0.49374537314138106,0.49730108445690524,0.4988152308310232,8760337281.705431,1036971.7426261164,5,"[0.07225249643548681, 0.1383693549612498]",24.25072777682856,1626,0.09132066189436308,0.11964793187665765,0.13649721265279058,47364702689.11828,5606617.269071766,5,128,8,,64,0.0,0.0,0.9999990463256836,0.00390625,7.714625098742545e-05,0.0,0.0,0.0013377011055126786,0.0001949452271219343,12.125,64.1923828125,0.0,146.0,32,ok
,,,,,,,,,,,True,uniform,sdpa,"[0.7961988661024305, 0.8006950378417969]",5.549070374025068,360,0.798185051812066,0.800359615749783,0.8006614956325955,5419014037.133856,641455.2600773978,5,69.5673828125,166.0,1,8,512,0.0,0.0,1.0,0.0,0.0,0.0,0.0,0.0,0.0,0.0,0.0,0.9999999403953552,0.0,0.0,0.0,0.0,0.0,0.0,0.0,0.0,1.0,0.0,0.0,0.0,0.0,0.0,0.0,bfloat16,,"[1.1580728384164662, 1.1725058470957377]",5.709161995635483,338,1.1637045053335338,1.1720389823236408,1.172459160618528,3716902340.908518,439974.23542951205,5,"[0.3449912521074403, 0.34853229882582176]",6.397560258824627,424,0.3461620402785967,0.3477275848388672,0.34845182742712627,12495234880.51685,1479076.0985460286,5,128,8,,64,0.0,0.0,1.0,0.0,0.0,0.0,0.0,0.0,0.0,65.1328125,134.7001953125,0.0,166.0,32,ok
False,1.2225651389724945,"[1.2108487119935363, 1.2305292494642097]",1.960659751264192,"[1.9534272741037275, 1.9708528528473785]",False,1.1695408740138697,"[0.7718706700437292, 1.4841268357646942]",3.2411190753586,"[3.0570580602569377, 3.280272600157393]",False,True,uniform,triton,"[0.4058428215258049, 0.40796647505326705]",10.879838939283486,660,0.40710023822206437,0.4078161806048769,0.40795144560842805,10624842714.14403,1257675.5106704582,5,52.06787109375,166.0,1,8,512,0.0,0.0,0.9999920129776001,0.0234375,0.00031010250677354634,0.0,0.0,0.0040215845219790936,0.0007624317076988518,0.0,0.0,0.9999936819076538,0.015625,0.00024332801694981754,0.0,0.0,0.003553955350071192,0.0004743565514218062,0.0,0.0,0.9999964237213135,0.015625,0.00016905060329008847,0.0,0.0,0.002683239756152034,0.0005543577717617154,bfloat16,,"[0.5546640589617301, 0.5788905931555707]",11.728563571738373,345,0.5664613143257473,0.5757381184895833,0.578575345688972,7635783575.350504,903856.9573094819,5,"[0.1055284369542907, 0.11323371472032255]",20.7352545906326,1709,0.10680324672745849,0.11147765577571861,0.11305810882586216,40498544122.3293,4793861.75690451,5,128,8,True,64,0.0,0.0,0.9999995231628418,0.00390625,3.730910975718871e-05,0.0,0.0,0.0009374786168336868,0.00013662019046023488,12.12548828125,64.193359375,0.0,166.0,32,ok
False,1.159330445238527,"[1.1106682822725968, 1.2665271574642762]",2.0676022708856787,"[1.8926039186409584, 2.1581909734357274]",False,1.1152546433180945,"[0.7360429788596761, 1.6404375792162136]",3.398884065526151,"[2.765763210500122, 4.356024294278764]",False,True,uniform,tilelang,"[0.3698398620124877, 0.42173908864419285]",11.473270506638675,635,0.3860438069020669,0.41233846349040354,0.420799026128814,11204365729.139332,1326274.3524075914,5,52.06787109375,166.0,1,8,512,0.0,0.0,0.9999918937683105,0.0234375,0.0003132794226985425,0.0,0.0,0.004055635072290897,0.000768887170124799,0.0,0.0,0.9999934434890747,0.015625,0.0002475290675647557,0.0,0.0,0.00361424358561635,0.0004824034112971276,0.0,0.0,0.9999964237213135,0.015625,0.00016904469521250576,0.0,0.0,0.0026826495304703712,0.0005542358267121017,bfloat16,,"[0.529324768712281, 0.6522952690326348]",11.828535405252195,756,0.5616737244621156,0.6287795859039146,0.6499437007197628,7700869404.461064,911561.2457932131,5,"[0.0794674264634494, 0.12515968068575242]",21.744565621962384,1891,0.10184579220857021,0.12483375747010925,0.1251270883641881,42469854730.39528,5027208.183048683,5,128,8,True,64,0.0,0.0,0.9999995231628418,0.00390625,3.731044853338972e-05,0.0,0.0,0.0009374819346703589,0.00013662068522535264,28.12548828125,80.193359375,0.0,166.0,32,ok
,,,,,,,,,,,True,uniform,flex,"[0.6816943008287818, 0.6905743759290307]",13.321398415494373,452,0.6851236799121958,0.6895803941034637,0.690474977746474,13009178140.131224,1494620.6502908117,5,116.134765625,298.0,1,16,512,0.0,0.0,0.9999920129776001,0.015625,0.00034969107946380973,0.0,0.0,0.004044616129249334,0.0008292697020806372,0.0,0.0,0.9999932050704956,0.015625,0.0002522116410546005,0.0,0.0,0.0036765120457857847,0.0004605857247952372,0.0,0.0,0.9999963045120239,0.015625,0.0001828606764320284,0.0,0.0,0.0026781936176121235,0.0005869044689461589,bfloat16,,"[0.7969041770126777, 0.8016033320463904]",17.130586309000865,387,0.799167524628553,0.8010025379269622,0.8015432526344476,11152725461.589104,1281333.348068601,5,"[0.11144878025161488, 0.12592536457424058]",40.566331098174516,895,0.11249237060546875,0.12155069532341131,0.12548789764915766,79231115426.1221,9102839.548037926,5,128,8,,64,0.0,0.0,0.9999989867210388,0.00390625,7.874770381022245e-05,0.0,0.0,0.0014633265091106296,0.0001961583038792014,22.25,138.384765625,0.0,298.0,32,ok
,,,,,,,,,,,True,uniform,sdpa,"[2.4693406699360283, 2.496152352595675]",3.6724362684780676,138,2.485218213952106,2.491836901678555,2.4957208075039627,3586363543.4356127,412036.25269251066,5,143.634765625,378.0,1,16,512,0.0,0.0,1.000000238418579,0.0,0.0,0.0,0.0,0.0,0.0,0.0,0.0,0.9999998807907104,0.0,0.0,0.0,0.0,0.0,0.0,0.0,0.0,0.9999998807907104,0.0,0.0,0.0,0.0,0.0,0.0,bfloat16,,"[3.3473888836075774, 3.3567664222379703]",4.083586604866393,113,3.3524961218369747,3.3562272603532906,3.356712506049502,2658585029.2098913,305444.05206915113,5,"[0.8574729866081184, 0.8622241253619427]",5.3139210841775775,286,0.8587637414465418,0.8613237287614728,0.8621340857018958,10378752117.53433,1192411.778209367,5,128,8,,64,0.0,0.0,1.0,0.0,0.0,0.0,0.0,0.0,0.0,103.265625,246.900390625,0.0,378.0,32,ok
True,0.6090406076846661,"[0.6042334568112623, 0.6147058632600564]",5.955926086133814,"[5.908445638031855, 5.982130192160009]",False,1.112841559522577,"[0.9458301063010087, 1.183245979412707]",6.859892251634184,"[6.483507953120657, 8.07118862109463]",False,True,uniform,triton,"[0.4165159465691389, 0.42012753291267546]",21.872758971092445,659,0.4172681423528784,0.41974161289892353,0.4200889409113003,21360116182.707466,2454057.4658441483,5,115.13525390625,378.0,1,16,512,0.0,0.0,0.9999921321868896,0.015625,0.0003402417933102697,0.0,0.0,0.0039898972027003765,0.0008180507575161755,0.0,0.0,0.9999936819076538,0.015625,0.00023703629267401993,0.0,0.0,0.0035527278669178486,0.0004450783017091453,0.0,0.0,0.9999964237213135,0.015625,0.00018281643860973418,0.0,0.0,0.002678139368072152,0.0005868925945833325,bfloat16,,"[0.5418802284332643, 0.5557483841616466]",24.761435772478087,498,0.5528842665584212,0.5554426446018449,0.5557178102056665,16120726414.373755,1852105.5163572787,5,"[0.10639867084782298, 0.1324535648997237]",36.45292607114529,1640,0.12518618513898153,0.13222066739710367,0.1324302751494617,71197121232.70564,8179816.318095776,5,128,8,True,64,0.0,0.0,0.9999995231628418,0.00390625,3.6594159610103816e-05,0.0,0.0,0.001000553136691451,0.00013412372209131718,22.25048828125,137.3857421875,0.0,378.0,32,ok
True,0.5116100588078294,"[0.5018822017264558, 0.5472299883709786]",7.090167170044665,"[6.628658735648095, 7.22759410544102]",False,1.1536166427655035,"[0.8223525152059412, 1.4264180235600863]",6.617426368923484,"[5.3518485222251915, 9.283090949814454]",False,True,uniform,tilelang,"[0.34385138092926437, 0.374920223391033]",26.038187064844532,517,0.350516166170515,0.3699730347388026,0.37442550452580997,25427917055.512238,2921405.911708667,5,115.13525390625,378.0,1,16,512,0.0,0.0,0.9999920725822449,0.015625,0.0003423308953642845,0.0,0.0,0.004011173266917467,0.0008224128978326917,0.0,0.0,0.9999935626983643,0.015625,0.00023955482174642384,0.0,0.0,0.003579481737688184,0.00044842998613603413,0.0,0.0,0.9999964833259583,0.015625,0.000182863645022735,0.0,0.0,0.0026788576506078243,0.0005870499880984426,bfloat16,,"[0.4633446178217044, 0.48097316698096265]",28.63176533932943,522,0.47814754325311304,0.4798836075939895,0.4808642110422653,18640472226.12593,2141598.371567777,5,"[0.09250838390888612, 0.16046114494464148]",35.164481504815164,815,0.12977307091461368,0.15897237391559624,0.16031226784173694,68680627939.09212,7890697.143737606,5,128,8,True,64,0.0,0.0,0.9999995231628418,0.00390625,3.6594261473510414e-05,0.0,0.0,0.0010006055235862732,0.00013413075066637248,50.25048828125,165.3857421875,0.0,378.0,32,ok
,,,,,,,,,,,True,uniform,flex,"[1.3622073489050883, 1.3690393157164846]",14.14817607255255,269,1.3660667447795656,1.3688088796395794,1.3690162721087942,13816578195.8521,1499194.6827096462,5,155.2587890625,606.0,1,32,512,0.0,0.0,0.999991774559021,0.015625,0.0003621430660132319,0.0,0.0,0.0040413080714643,0.0008445078274235129,0.0,0.0,0.9999934434890747,0.015625,0.000239048371440731,0.0,0.0,0.0036656158044934273,0.0004269185883458704,0.0,0.0,0.999996542930603,0.015625,0.0001862466160673648,0.0,0.0,0.002653581788763404,0.0005789028946310282,bfloat16,,"[1.5677693224600537, 1.5760264677159928]",18.47823392885117,221,1.5689285761630374,1.5753228787383344,1.5759561088182268,12030100214.095816,1305349.4155919938,5,"[0.19750264710236157, 0.20005137013371505]",48.87909473603137,1359,0.1977057158727695,0.20000667389567237,0.20004690050991078,95466981906.31126,10358830.501986898,5,128,8,,64,0.0,0.0,0.9999987483024597,0.00390625,7.896294118836522e-05,0.0,0.0,0.0015891010407358408,0.0001923323143273592,42.5,197.7587890625,0.0,606.0,32,ok
,,,,,,,,,,,True,uniform,sdpa,"[7.933777465820312, 7.984854736328125]",2.42893400366932,100,7.9571337890625,7.979642822265625,7.984333544921875,2372005862.95832,257379.10839391494,5,208.2587890625,702.0,1,32,512,0.0,0.0,1.0,0.0,0.0,0.0,0.0,0.0,0.0,0.0,0.0,1.0,0.000244140625,1.287188133858308e-10,0.0,0.0,1.3429846603685291e-06,1.5641165873603313e-07,0.0,0.0,1.0000001192092896,0.0,0.0,0.0,0.0,0.0,0.0,bfloat16,,"[10.5648486328125, 10.59565673828125]",2.742419132846846,100,10.571334228515624,10.593248535156249,10.595415917968749,1785429122.9471653,193731.45865312123,5,"[2.6174762782765857, 2.6369521866983443]",3.685126863999904,134,2.622345653932486,2.636626605133512,2.636919628541861,7197513406.249812,780980.1873100925,5,128,8,,64,0.0,0.0,1.0,0.0,0.0,0.0,0.0,0.0,0.0,182.53125,390.7900390625,0.0,702.0,32,ok
True,0.6310041003018383,"[0.6281758324554236, 0.6327918564928767]",9.231080957901677,"[9.198430959906956, 9.272642520941808]",True,0.9902582367612578,"[0.9776401699135054, 0.9937797373384677]",13.39436862860992,"[13.353013222840934, 13.482849512620108]",True,True,uniform,triton,"[0.8581301145915744, 0.8637927864171282]",22.421686429271734,395,0.8619937172418908,0.8632813581635681,0.8637416435917722,21896178153.58568,2375887.386456779,5,153.25927734375,702.0,1,32,512,0.0,0.0,0.9999920129776001,0.03125,0.00035328997182659805,0.0,0.0,0.004001812543720007,0.0008362545049749315,0.0,0.0,0.9999937415122986,0.015625,0.0002257915330119431,0.0,0.0,0.003561668796464801,0.0004148122970946133,0.0,0.0,0.999996542930603,0.015625,0.00018624741642270237,0.0,0.0,0.002653492381796241,0.0005788833950646222,bfloat16,,"[1.057811447054322, 1.0686067280016447]",27.329396306541014,342,1.0608002065915114,1.0667190640990496,1.0684179616113851,17792575720.40431,1930618.0252174812,5,"[0.1953338202114763, 0.1963165072737069]",49.35994765960797,725,0.19577971359779095,0.19630683425377154,0.19631553997171336,96406147772.67181,10460736.520472202,5,128,8,True,64,0.0,0.0,0.999999463558197,0.00390625,3.370441481820308e-05,0.0,0.0,0.0010371492244303226,0.00012552840053103864,43.50048828125,196.759765625,0.0,702.0,32,ok
True,0.4661213771753418,"[0.46496390664859905, 0.46821660978487467]",12.496423077508917,"[12.440502564252144, 12.540620038511154]",True,0.7407156156300889,"[0.7305476104801069, 0.7814236299053674]",17.906850592605178,"[16.97399893359235, 18.04671360023489]",True,True,uniform,tilelang,"[0.6356802874731149, 0.6396151399805479]",30.35298693719941,494,0.6367529123900872,0.6386632633595332,0.6395199523184464,29641588805.8588,3216318.229802387,5,153.25927734375,702.0,1,32,512,0.0,0.0,0.9999919533729553,0.03125,0.0003545275831129402,0.0,0.0,0.004013397265225649,0.0008386752451770008,0.0,0.0,0.9999935626983643,0.015625,0.00022716792591381818,0.0,0.0,0.0035776335280388594,0.00041667165351100266,0.0,0.0,0.999996542930603,0.015625,0.00018624552467372268,0.0,0.0,0.002653850009664893,0.0005789613933302462,bfloat16,,"[0.7585892779730384, 0.7664633958038112]",37.903424303427556,419,0.7648657022626417,0.7659033873200701,0.7664073949554371,24676708530.877316,2677594.241631653,5,"[0.14606541859970812, 0.15449191815033875]",65.98901616844194,1167,0.1464437110462859,0.15212679277042496,0.15425540561234738,128884797203.98816,13984895.529946633,5,128,8,True,64,0.0,0.0,0.9999995231628418,0.00390625,3.370306876604445e-05,0.0,0.0,0.0010371333919465542,0.00012552649423014373,94.50048828125,247.759765625,0.0,702.0,32,ok
,,,,,,,,,,,True,uniform,flex,"[0.5536392515434279, 0.5572430850368727]",15.544938598759549,553,0.5547457758815552,0.5563004505785205,0.5571488215910375,15180604100.351122,461472.6441011406,5,90.044921875,182.0,1,4,2048,0.0,0.0,0.999991774559021,0.015625,8.776388131082058e-05,0.0,0.0,0.0040531582199037075,0.00023537722881883383,0.0,0.0,0.9999931454658508,0.015625,0.00015275718760676682,0.0,0.0,0.0037166448310017586,0.000322110514389351,0.0,0.0,0.9999964237213135,0.03125,4.5633209083462134e-05,0.0,0.0,0.0026558800600469112,0.0001910477294586599,bfloat16,,"[0.6871576168267011, 0.6915967217807112]",18.770343797267852,406,0.6891314126000616,0.6914400749018627,0.6915810570928262,12220275909.679592,371482.12274074636,5,"[0.13057510437753037, 0.14248426182549975]",31.73895522661386,1235,0.13585023455291625,0.142131231516479,0.14244895879459768,61990146926.980194,1884428.1045409834,5,128,8,,64,0.0,0.0,0.9999995231628418,0.001953125,4.050380812259391e-05,0.0,0.0,0.0009939089650288224,0.00010776018461911008,13.0625,103.107421875,0.0,182.0,32,ok
,,,,,,,,,,,True,uniform,sdpa,"[0.9653878111133403, 0.9697852927032194]",8.924837637158701,331,0.9662348352530211,0.969056226839832,0.9697123861168807,8715661755.037794,264945.9434289213,5,127.607421875,256.0,1,4,2048,0.0,0.0,0.9999998807907104,0.0,0.0,0.0,0.0,0.0,0.0,0.0,0.0,1.0,0.00048828125,5.581282991329317e-09,0.0,0.0,1.4008194739290047e-05,1.2140484386691242e-06,0.0,0.0,0.9999999403953552,0.0,0.0,0.0,0.0,0.0,0.0,bfloat16,,"[1.3900200980050224, 1.404694087921627]",9.258724652654426,252,1.3970858861529638,1.401803249782986,1.404405004107763,6027815529.071891,183238.55572324572,5,"[0.41277592761629006, 0.4178605546686064]",10.415293280876936,827,0.4139820546308192,0.41647490163524026,0.4177219893652698,20342369689.212765,618384.2925952325,5,128,8,,64,0.0,0.0,1.0000001192092896,0.0,0.0,0.0,0.0,0.0,0.0,96.06640625,223.673828125,0.0,256.0,32,ok
False,1.6324279095866079,"[1.625112112812321, 1.6526242331136307]",1.066976061077824,"[1.053936803094467, 1.0719032185193746]",False,2.408129602297537,"[2.296007763345788, 2.505416119447017]",1.2654391506561447,"[1.2617523233461778, 1.2772947510106434]",False,True,uniform,triton,"[0.9030317395462273, 0.9167863124392811]",9.522588107854705,386,0.905582487274328,0.9147923286714703,0.9165869140625,9299402449.07686,282690.9791183384,5,89.54541015625,256.0,1,4,2048,0.0,0.0,0.9999920725822449,0.015625,8.507150050718337e-05,0.0,0.0,0.0039685876108706,0.00023046598653309047,0.0,0.0,0.9999938607215881,0.015625,0.00014396265032701194,0.0,0.0,0.0035181352868676186,0.00030490627977997065,0.0,0.0,0.9999964237213135,0.03125,4.5638422307092696e-05,0.0,0.0,0.0026563217397779226,0.00019107951084151864,bfloat16,,"[1.225628155108077, 1.2297863457530451]",10.543478959957588,313,1.2268468107278354,1.2295094450441795,1.2297586556821585,6864244114.555721,208665.00834617342,5,"[0.3258288724922839, 0.3273176028404707]",13.179919883187559,810,0.32714497130594133,0.3272969111689815,0.3273155336733218,25742031021.8507,782527.6940008117,5,128,8,True,64,0.0,0.0,0.9999997615814209,0.001953125,2.2716729290550575e-05,0.0,0.0,0.0008175673428922892,8.864112169248983e-05,13.56298828125,103.1083984375,0.0,256.0,32,ok
False,1.4309290355865587,"[1.4245162647920255, 1.4418203221232198]",1.2172242351978355,"[1.20802951258123, 1.2241241127753855]",False,1.9599516903558085,"[1.8686968892979168, 2.039132176968337]",1.5548043829835938,"[1.5492454730366625, 1.5693709778171094]",False,True,uniform,tilelang,"[0.7907389601616011, 0.7998437332780394]",10.863528667155357,365,0.7938018380779109,0.798585205078125,0.7997178804580479,10608914714.018904,322498.6233590377,5,52.03271484375,256.0,1,4,2048,0.0,0.0,0.9999914169311523,0.0234375,8.572133810957894e-05,0.0,0.0,0.004122195765376091,0.00023938639787957072,0.0,0.0,0.9999931454658508,0.015625,0.00014799043128732592,0.0,0.0,0.00372424628585577,0.00032276930869556963,0.0,0.0,0.9999964833259583,0.03125,4.563004040392116e-05,0.0,0.0,0.0026558823883533478,0.00019104791863355786,bfloat16,,"[1.0579849801412442, 1.0636967914860422]",12.200572690638086,328,1.0602152754620808,1.0628341488721893,1.063610527224657,7943081178.8008375,241460.39575634841,5,"[0.2648646345212152, 0.26683769520483047]",16.193743643167032,907,0.2662598968472213,0.2667258265788658,0.26682650834223404,31628405553.06061,961466.6084952764,5,128,8,True,64,0.0,0.0,0.9999997615814209,0.001953125,2.2718468244420364e-05,0.0,0.0,0.0008176093106158078,8.86456691659987e-05,35.56298828125,87.595703125,0.0,256.0,32,ok
,,,,,,,,,,,True,uniform,flex,"[0.7503188760716671, 0.7585149842033477]",22.93403773816071,421,0.7549515314170131,0.7576221312026796,0.7584256989032809,22396521228.67257,678189.2329418778,5,82.0673828125,184.0,1,8,2048,0.0,0.0,0.9999920129776001,0.015625,0.00011758597247535363,0.0,0.0,0.004015828017145395,0.00031139934435486794,0.0,0.0,0.9999934434890747,0.015625,0.00015091545355971903,0.0,0.0,0.0036417304072529078,0.00031611110898666084,0.0,0.0,0.999996542930603,0.015625,6.051692253095098e-05,0.0,0.0,0.002659046556800604,0.00022674139472655952,bfloat16,,"[0.9566627254554941, 0.9616606674469765]",27.087883760217156,277,0.9587729553883687,0.9614063028824459,0.9616352309905234,17635340989.724712,534015.8972179237,5,"[0.2054124612074632, 0.20624934709989107]",42.01673250396862,832,0.2060379981994629,0.20616720639742336,0.2062411330296443,82063930671.8137,2484978.520827692,5,128,8,,64,0.0,0.0,0.9999993443489075,0.00390625,4.7610417823307216e-05,0.0,0.0,0.0012433278607204556,0.0001186976587632671,19.125,101.1923828125,0.0,184.0,32,ok
,,,,,,,,,,,True,uniform,sdpa,"[1.988081169128418, 2.0100709915161135]",8.681747177096327,160,1.9943090438842774,2.0040119552612303,2.009465087890625,8478268727.633132,256730.52106447227,5,127.3173828125,288.0,1,8,2048,0.0,0.0,1.0,0.0,0.0,0.0,0.0,0.0,0.0,0.0,0.0,1.0,0.0,0.0,0.0,0.0,0.0,0.0,0.0,0.0,1.0000001192092896,0.0,0.0,0.0,0.0,0.0,0.0,bfloat16,,"[2.834198234617248, 2.8572397158127423]",9.14504415187404,129,2.839913065119307,2.8510387331940406,2.856619617550872,5953804786.376328,180287.20888978709,5,"[0.8356051191721998, 0.8451736133038034]",10.312159339053137,433,0.8394986124016671,0.843161370187103,0.8449723889921333,20140936209.088158,609887.8454786869,5,128,8,,64,0.0,0.0,1.000000238418579,0.0,0.0,0.0,0.0,0.0,0.0,114.6328125,241.9501953125,0.0,288.0,32,ok
False,1.21338109222305,"[1.2076807088107047, 1.2251638955363575]",2.1770889079813207,"[2.1561511293773425, 2.1942954494963796]",False,1.582563249770547,"[1.578975857777606, 1.5904642195850616]",2.5746107871612463,"[2.5598822661423846, 2.592015126279795]",False,True,uniform,triton,"[0.9143759909640538, 0.9249393591720066]",18.900935481154555,356,0.9160439137662395,0.9220898746104722,0.9246544107158532,18457944805.814995,558925.1697497274,5,83.06787109375,288.0,1,8,2048,0.0,0.0,0.9999919533729553,0.01953125,0.00011501053813844919,0.0,0.0,0.003994945902377367,0.0003097801236435771,0.0,0.0,0.9999938607215881,0.015625,0.0001432124845450744,0.0,0.0,0.003531115595251322,0.0003065094933845103,0.0,0.0,0.9999964237213135,0.015625,6.0522754210978746e-05,0.0,0.0,0.002658715471625328,0.00022671314945910126,bfloat16,,"[1.2378687640420751, 1.2437490824780433]",20.925864105450508,306,1.2411019319023182,1.2429420221864786,1.2436683764488867,13623609443.652674,412536.6231726222,5,"[0.3253384942877783, 0.32719989236631347]",26.549796673251787,876,0.32606816400676014,0.32716233762976243,0.32719613689265836,51855071627.4449,1570223.8259279586,5,128,8,True,64,0.0,0.0,0.9999996423721313,0.00390625,2.2878586605656892e-05,0.0,0.0,0.0009300428791902959,8.878905646270141e-05,19.12548828125,102.193359375,0.0,288.0,32,ok
True,1.0557393840912606,"[1.047500849703187, 1.0737764460031005]",2.5021691497346965,"[2.460138259566027, 2.5219449508950316]",False,1.2796884792174705,"[1.2767460767852035, 1.2871164536999284]",3.1839658482475017,"[3.1641035458760114, 3.205489420525344]",False,True,uniform,tilelang,"[0.7922069297734566, 0.8106491723095584]",21.723199952326716,409,0.7970320647969514,0.8058449444386078,0.8101687495224633,21214062453.444057,642383.189602836,5,83.06787109375,288.0,1,8,2048,0.0,0.0,0.9999918937683105,0.01953125,0.00011550015915418044,0.0,0.0,0.004034769255667925,0.0003128681273665279,0.0,0.0,0.999993622303009,0.015625,0.00014515571820084006,0.0,0.0,0.0035982574336230755,0.00031233756453730166,0.0,0.0,0.999996542930603,0.015625,6.0525759181473404e-05,0.0,0.0,0.0026594174560159445,0.00022677301603835076,bfloat16,,"[1.0500500996907551, 1.0806671142578126]",24.63406620628178,360,1.0542770385742188,1.0772523328993056,1.0803256361219618,16037803519.714703,485640.8527045392,5,"[0.26306586270024557, 0.26471738039164816]",32.83356315723171,1069,0.2636644525768826,0.2646829631866084,0.26471393867114423,64128053041.468185,1941862.0712653885,5,128,8,True,64,0.0,0.0,0.9999996423721313,0.00390625,2.2881051336298697e-05,0.0,0.0,0.0009302380494773388,8.880769746610895e-05,47.12548828125,130.193359375,0.0,288.0,32,ok
,,,,,,,,,,,True,uniform,flex,"[1.25576845149404, 1.2768363821547466]",27.59243617560359,291,1.2647164990402169,1.2725224340904209,1.2764049873483139,26945738452.73788,809667.6217769795,5,152.13671875,380.0,1,16,2048,0.0,0.0,0.999991774559021,0.015625,0.00014827074483036995,0.0,0.0,0.004038400948047638,0.00037373637314885855,0.0,0.0,0.9999933242797852,0.015625,0.00014745601220056415,0.0,0.0,0.003651881590485573,0.00029299978632479906,0.0,0.0,0.9999963045120239,0.015625,7.552775059593841e-05,0.0,0.0,0.002686543855816126,0.00026383419753983617,bfloat16,,"[1.5654013406282687, 1.5887859775431485]",33.32537600008616,239,1.5707223804425994,1.5822222210872123,1.5881296018975548,21696208333.389423,651929.336940788,5,"[0.3039209489991679, 0.3089251095021265]",57.066111498644815,845,0.3057559763891457,0.3083098751271265,0.3088635860646265,111457249020.79065,3349075.9922112576,5,128,8,,64,0.0,0.0,0.999998927116394,0.00390625,4.850735786021687e-05,0.0,0.0,0.0014520776458084583,0.0001237448595929891,28.25,180.38671875,0.0,380.0,32,ok
,,,,,,,,,,,True,uniform,sdpa,"[4.809032287597656, 4.824350891113281]",7.241749528140171,100,4.818809204101562,4.824215393066407,4.824337341308594,7072021023.574386,212500.63171798032,5,209.13671875,514.0,1,16,2048,0.0,0.0,0.9999999403953552,0.0,0.0,0.0,0.0,0.0,0.0,0.0,0.0,1.0,0.000244140625,3.3776470509394585e-10,0.0,0.0,2.759598601187463e-06,2.2140964972550137e-07,0.0,0.0,0.9999998807907104,0.0,0.0,0.0,0.0,0.0,0.0,bfloat16,,"[6.532460327148438, 6.643658447265625]",7.996063496295003,100,6.54633544921875,6.60865185546875,6.640157788085938,5205770505.400393,156423.39259015603,5,"[1.729327472536845, 1.7508183774989765]",10.035595219697328,229,1.7386417305625683,1.7466087641153794,1.7503974161606166,19600771913.471344,588965.5022076726,5,128,8,,64,0.0,0.0,0.9999999403953552,0.0,0.0,0.0,0.0,0.0,0.0,154.265625,363.40234375,0.0,514.0,32,ok
True,0.7235262935705709,"[0.7166584957611398, 0.7286818201870232]",5.2661379137593505,"[5.255453408832893, 5.286980785742313]",True,1.0640426239947045,"[1.0531270570511202, 1.0755372168323172]",5.344118986687505,"[5.290432301109047, 5.381546737870029]",True,True,uniform,triton,"[0.9114482157939189, 0.9168279699377111]",38.13605175208784,370,0.9150556409681165,0.9164409410631336,0.9167892670502533,37242238039.14828,1119057.633387869,5,152.13720703125,514.0,1,16,2048,0.0,0.0,0.9999918937683105,0.015625,0.0001452947617508471,0.0,0.0,0.004005641210824251,0.0003707045689225197,0.0,0.0,0.9999936819076538,0.015625,0.000141039869049564,0.0,0.0,0.003553518559783697,0.0002851078752428293,0.0,0.0,0.9999963641166687,0.015625,7.554326293757185e-05,0.0,0.0,0.002686837688088417,0.0002638630394358188,bfloat16,,"[1.2337786305948082, 1.2553834953156124]",42.23055250000005,251,1.239503412132719,1.2520271453249503,1.2550478603165462,27493849283.854202,826137.2981927345,5,"[0.3251107459556886, 0.32841691587376376]",53.631414956294854,771,0.3253373914191695,0.32780146617369893,0.32835537090375727,104748857336.51338,3147501.7228519646,5,128,8,True,64,0.0,0.0,0.999999463558197,0.00390625,2.238455999759026e-05,0.0,0.0,0.001019527786411345,8.688331581652164e-05,28.25048828125,180.3876953125,0.0,514.0,32,ok
True,0.6769881987875689,"[0.6705621461202922, 0.6839299420796947]",5.6281472158562025,"[5.5840380640821845, 5.648904604342229]",True,0.8870312908062955,"[0.8779316088786115, 0.8923870476889887]",6.410563469938118,"[6.376220775178365, 6.455460107735726]",True,True,uniform,tilelang,"[0.8530519705355647, 0.8627905960696632]",40.75763244473007,373,0.8561981446621565,0.8626869508472269,0.8627802315474196,39802375434.30671,1195984.8387712352,5,152.13720703125,514.0,1,16,2048,0.0,0.0,0.9999918341636658,0.015625,0.00014592305524274707,0.0,0.0,0.004033386707305908,0.00037327228346839547,0.0,0.0,0.9999935626983643,0.015625,0.00014228039071895182,0.0,0.0,0.0035906571429222822,0.00028808758361265063,0.0,0.0,0.9999963641166687,0.015625,7.553950126748532e-05,0.0,0.0,0.0026866996195167303,0.00026384947705082595,bfloat16,,"[1.121311092376709, 1.1324748992919922]",46.46171424204099,320,1.1266246795654298,1.1311635208129882,1.1323437614440919,30248511876.32877,908909.6116685327,5,"[0.27017266845703125, 0.271511962890625]",64.3338201144773,1000,0.2712151184082031,0.27148826904296874,0.2715095935058594,125651992411.08849,3775600.733506264,5,128,8,True,64,0.0,0.0,0.999999463558197,0.00390625,2.238746492366772e-05,0.0,0.0,0.0010196485091000795,8.68936040205881e-05,68.25048828125,220.3876953125,0.0,514.0,32,ok
,,,,,,,,,,,True,uniform,flex,"[2.386543003379876, 2.3974834469193262]",29.60483964496433,141,2.3937626831920435,2.3965888706504876,2.3973939892924427,28910976215.785477,855556.8245675153,5,176.2607421875,684.0,1,32,2048,0.0,0.0,0.9999918937683105,0.015625,0.00017388348351232708,0.0,0.0,0.004041935317218304,0.00042467450839467347,0.0,0.0,0.9999932050704956,0.0078125,0.00014312699204310775,0.0,0.0,0.0036722938530147076,0.000272287375992164,0.0,0.0,0.9999964833259583,0.015625,8.741785131860524e-05,0.0,0.0,0.0026643932797014713,0.0002881500986404717,bfloat16,,"[2.91337113414737, 2.946227807792828]",36.30665427938259,139,2.927850078335769,2.9438908199612186,2.945994109009667,23637144713.13971,699489.367694712,5,"[0.5168629689259572, 0.5266764322916667]",68.0012319973152,555,0.5210711504961993,0.5263678913288289,0.5266455781953829,132814906244.75626,3930365.3599892356,5,128,8,,64,0.0,0.0,0.9999986886978149,0.00390625,4.8171161324717104e-05,0.0,0.0,0.0016570270527154207,0.00012663108645938337,48.5,224.7607421875,0.0,684.0,32,ok
,,,,,,,,,,,True,uniform,sdpa,"[12.726387939453126, 12.790404052734376]",5.560560447196833,100,12.744571533203125,12.781155029296876,12.789479150390626,5430234811.715657,160695.8691913961,5,264.2607421875,684.0,1,32,2048,0.0,0.0,1.0,0.0,0.0,0.0,0.0,0.0,0.0,0.0,0.0,1.0,0.0009765625,3.085617983344946e-09,0.0,0.0,1.1877305951202288e-05,8.806594564703119e-07,0.0,0.0,1.0,0.0,0.0,0.0,0.0,0.0,0.0,bfloat16,,"[16.960848388671874, 17.033477783203125]",6.256594879043218,100,16.990142822265625,17.033111083984373,17.03344111328125,4073303957.7104287,120540.4817030785,5,"[4.191636657714843, 4.216664123535156]",8.421985858266858,100,4.207259521484375,4.213272277832031,4.216324938964844,16449191129.427458,486777.6731009546,5,128,8,,64,0.0,0.0,1.0,0.0,0.0,0.0,0.0,0.0,0.0,236.53125,500.7919921875,0.0,684.0,32,ok
True,0.7552259526675412,"[0.7513248974349362, 0.7580688654226058]",7.049644893904899,"[7.025278041563957, 7.088102905071869]",False,1.1607675905480237,"[1.1484138396582093, 1.17023647645633]",6.955958773723242,"[6.911596152157293, 6.971507618241733]",False,True,uniform,triton,"[1.79849350243284, 1.814102083618878]",39.1999765638307,171,1.8078317028737207,1.8121268289131032,1.8139045581483004,38281227113.11592,1132848.8137167352,5,176.26123046875,684.0,1,32,2048,0.0,0.0,0.9999919533729553,0.015625,0.00017021893290802836,0.0,0.0,0.003996970131993294,0.00041995017090812325,0.0,0.0,0.999993622303009,0.0078125,0.00013708884944207966,0.0,0.0,0.0035649859346449375,0.0002643308835104108,0.0,0.0,0.9999964237213135,0.015625,8.739549957681447e-05,0.0,0.0,0.002663718070834875,0.00028807707712985575,bfloat16,,"[2.4070230403416595, 2.430573799240757]",44.14791581927578,142,2.4078246640487455,2.428529465366417,2.4303693658533234,28742132694.841003,850560.2715092626,5,"[0.604661479140773, 0.6081221609404592]",58.58298642298442,528,0.6048425038655599,0.6077178955078124,0.6080817343971945,114419895357.39145,3386005.426059169,5,128,8,True,64,0.0,0.0,0.9999994039535522,0.00390625,2.177569331252016e-05,0.0,0.0,0.0010934327729046345,8.356084435945377e-05,48.50048828125,224.76171875,0.0,684.0,32,ok
True,0.7535467310392997,"[0.7522929820396429, 0.7590286091095082]",7.065354491849728,"[7.0220181553776735, 7.090763192087258]",True,0.9194408059022798,"[0.9063159299972489, 0.9269266853073507]",8.781698021116828,"[8.7490888437774, 8.908870779476008]",True,True,uniform,tilelang,"[1.8019275130512558, 1.8149442583601052]",39.28733073280408,214,1.8038120448032273,1.8135483215902453,1.8148046646831193,38366533918.75398,1135373.2812131268,5,176.26123046875,684.0,1,32,2048,0.0,0.0,0.9999920129776001,0.015625,0.00017063420091290027,0.0,0.0,0.0040075215511024,0.00042105879401788116,0.0,0.0,0.9999935626983643,0.0078125,0.00013772658712696284,0.0,0.0,0.0035805737134069204,0.0002654866548255086,0.0,0.0,0.9999964833259583,0.015625,8.741954661672935e-05,0.0,0.0,0.00266451807692647,0.0002881636028178036,bfloat16,,"[2.263581502503453, 2.270723964627935]",46.920313115750275,181,2.2655526682816816,2.2694088424766923,2.2705924524128105,30547078851.399918,903973.6876006131,5,"[0.47225508435669933, 0.479470593478645]",73.95933654541598,619,0.4790940785446537,0.4793764474896507,0.4794611788797456,144451829190.2656,4274734.528594507,5,128,8,True,64,0.0,0.0,0.9999994039535522,0.00390625,2.1773837943328544e-05,0.0,0.0,0.0010933787561953068,8.355671889148653e-05,112.50048828125,288.76171875,0.0,684.0,32,ok
,,,,,,,,,,,True,uniform,flex,"[2.1003510135932255, 2.1072166494075084]",16.33830060998925,149,2.1050716118524537,2.1067384451027684,2.1071688289770347,15955371689.442627,121611.06470611758,5,213.111328125,546.0,1,4,8192,0.0,0.0,0.9999914765357971,0.03125,2.380339901719708e-05,0.0,0.0,0.004091239534318447,9.082243195734918e-05,0.0,0.0,0.9999933242797852,0.015625,8.460280514555052e-05,0.0,0.0,0.0036481984425336123,0.00023043503460939974,0.0,0.0,0.9999962449073792,0.03125,1.2323135706537869e-05,0.0,0.0,0.0027387826703488827,8.328397962031886e-05,bfloat16,,"[2.5841382801961554, 2.614883971728867]",19.895597264147344,139,2.593032946689523,2.60688204319357,2.6140837788753375,12952862802.17926,98726.08843124437,5,"[0.4799470078521574, 0.49048631284039235]",35.52799748466139,591,0.48403083814178827,0.48983200770344226,0.49042088232669734,69390620087.22928,528891.9213965647,5,128,8,,64,0.0,0.0,0.9999997019767761,0.001953125,2.165542719012592e-05,0.0,0.0,0.0007139662047848105,6.240707443794236e-05,38.0625,251.173828125,0.0,546.0,32,ok
,,,,,,,,,,,True,uniform,sdpa,"[3.436899630822868, 3.4778733298043223]",9.98361475411709,107,3.44497395453052,3.466402713383469,3.476726268162237,9749623783.31747,74311.1568850417,5,351.236328125,696.0,1,4,8192,0.0,0.0,0.9999998211860657,0.0,0.0,0.0,0.0,0.0,0.0,0.0,0.0,1.0,0.000244140625,3.4693692363418904e-09,0.0,0.0,1.1561270184756722e-05,7.302567723854736e-07,0.0,0.0,1.0,0.0,0.0,0.0,0.0,0.0,0.0,bfloat16,,"[4.989211730957031, 5.0249755859375]",10.319990235566335,100,4.999029846191406,5.01482275390625,5.023960302734375,6718743642.946834,51209.93630294843,5,"[1.547119834206321, 1.5577784451571377]",11.081569721362246,264,1.5518240495161577,1.5555119138775448,1.5575517920291786,21643690862.035637,164967.15596063746,5,128,8,,64,0.0,0.0,0.9999998807907104,0.0,0.0,0.0,0.0,0.0,0.0,290.75,641.986328125,0.0,696.0,32,ok
False,1.4223927640968141,"[1.4046834707843612, 1.4263910958904225]",1.1505342031259664,"[1.1468116207322498, 1.1650393554203762]",False,2.4991456719218386,"[2.463674373648697, 2.523065005487057]",1.2828558969533235,"[1.2753091066682882, 1.2904050334241812]",False,True,uniform,triton,"[2.9569592979865345, 3.0024257752953507]",11.48649024544475,123,2.9942386286045477,3.0004592523342226,3.0022291229992377,11217275630.317139,85497.52767010014,5,215.04931640625,696.0,1,4,8192,0.0,0.0,0.999991774559021,0.015625,2.3175763999461196e-05,0.0,0.0,0.0040432303212583065,8.975664968602359e-05,0.0,0.0,0.9999939203262329,0.015625,8.015068306121975e-05,0.0,0.0,0.003474901895970106,0.00021948892390355468,0.0,0.0,0.9999963045120239,0.03125,1.2324497220106423e-05,0.0,0.0,0.0027388918679207563,8.328730473294854e-05,bfloat16,,"[4.18427978515625, 4.22379150390625]",12.317562650781655,100,4.1883236694335935,4.221108276367188,4.223523181152344,8019246517.435973,61122.30577314004,5,"[1.2025867919921875, 1.2168218994140625]",14.216057064548956,250,1.20966357421875,1.2144681396484374,1.2165865234375002,27765736454.197178,211629.0888277224,5,128,8,True,64,0.0,0.0,0.9999997019767761,0.001953125,1.0784215191961266e-05,0.0,0.0,0.0005989815690554678,5.235638309386559e-05,37.06298828125,252.1123046875,0.0,696.0,32,ok
False,1.508252092661468,"[1.5033964085240183, 1.5116419318631138]",1.0850384583153296,"[1.082442294224817, 1.095400535909466]",False,2.0762344595316815,"[2.0479818972438246, 2.093900970699562]",1.5441626777033004,"[1.5392039642843705, 1.552046719824526]",False,True,uniform,tilelang,"[3.164757100944845, 3.1809702816172543]",10.832605961221388,117,3.1749786637787127,3.18048335670406,3.180921589125935,10578716759.005262,80630.46310217425,5,214.04931640625,696.0,1,4,8192,0.0,0.0,0.9999898672103882,0.017578125,2.3424738174071535e-05,0.0,0.0,0.0045025162398815155,9.995245636673644e-05,0.0,0.0,0.999991774559021,0.015625,8.56098995427601e-05,0.0,0.0,0.004069773480296135,0.0002570634242147207,0.0,0.0,0.9999963641166687,0.03125,1.2325014722591732e-05,0.0,0.0,0.0027388993185013533,8.328753028763458e-05,bfloat16,,"[4.187392578125, 4.230415954589843]",12.228531719732468,100,4.218817138671875,4.2261135864257815,4.229985717773437,7961283671.700825,60680.51579040263,5,"[1.0011570768536262, 1.0059647470150355]",17.11174637409454,318,1.0049615056259826,1.0059112356893674,1.0059593958824686,33421379636.9034,254736.12528127592,5,128,8,True,64,0.0,0.0,0.9999997019767761,0.001953125,1.0785313861561008e-05,0.0,0.0,0.0005989963538013399,5.2357674576342106e-05,108.06298828125,322.1123046875,0.0,696.0,32,ok
,,,,,,,,,,,True,uniform,flex,"[2.763600591403335, 2.7998415818854943]",24.743052860681875,134,2.7827485497318096,2.794432956069263,2.7993007193038713,24163137559.259644,183990.75261375826,5,308.0888671875,638.0,1,8,8192,0.0,0.0,0.9999919533729553,0.015625,3.3885546145029366e-05,0.0,0.0,0.004030799493193626,0.00011715155415004119,0.0,0.0,0.9999933242797852,0.015625,8.475087815895677e-05,0.0,0.0,0.003665272146463394,0.00022057742171455175,0.0,0.0,0.999996542930603,0.015625,1.733917997626122e-05,0.0,0.0,0.002658081939443946,9.134078572969884e-05,bfloat16,,"[3.5089656496510924, 3.5188017909966627]",29.397748606854556,103,3.5132126298922937,3.516811570843447,3.5186027689813413,19139159249.25427,145735.55714892686,5,"[0.7251796954073887, 0.7279286249446483]",47.418227677462525,494,0.7260256006650114,0.7276404747596154,0.727899809926145,92613725932.54399,705209.2922495126,5,128,8,,64,0.0,0.0,0.9999995827674866,0.00390625,2.6237674319418147e-05,0.0,0.0,0.0009668003185652196,6.843172741355374e-05,43.125,351.2138671875,0.0,638.0,32,ok
,,,,,,,,,,,True,uniform,sdpa,"[6.750484008789062, 6.808701782226563]",10.188410634414769,100,6.758040771484375,6.791129516601563,6.806944555664063,9949619760.170673,75761.60270597796,5,457.8388671875,842.0,1,8,8192,0.0,0.0,1.0000001192092896,0.0,0.0,0.0,0.0,0.0,0.0,0.0,0.0,1.0,0.000244140625,3.73744590831393e-10,0.0,0.0,3.845513219857821e-06,2.314243943146721e-07,0.0,0.0,1.0,0.0,0.0,0.0,0.0,0.0,0.0,bfloat16,,"[9.651761474609375, 9.696299438476563]",10.680021635543934,100,9.670443115234375,9.686025512695313,9.695272045898438,6953139085.640582,52944.83343719985,5,"[2.9051022637159303, 2.926500592912946]",11.836279918890867,133,2.9085867745535716,2.923842305348332,2.926234764156485,23117734216.583725,176030.50542598474,5,128,8,,64,0.0,0.0,1.0,0.0,0.0,0.0,0.0,0.0,0.0,314.625,772.4638671875,0.0,842.0,32,ok
True,1.0614668615138874,"[1.0549866065911395, 1.0688213697212414]",2.2879177214993707,"[2.283155671214662, 2.305068879384537]",False,1.6641491173635887,"[1.654805205959027, 1.679710528713943]",2.4073423235854587,"[2.3850398830648807, 2.4290962717223548]",False,True,uniform,triton,"[2.943102010091146, 2.958434295654297]",23.310245244390195,120,2.9537953694661456,2.957949879964193,2.9583858540852868,22763911371.4748,173336.31344020163,5,308.08935546875,842.0,1,8,8192,0.0,0.0,0.9999918937683105,0.015625,3.317977098049596e-05,0.0,0.0,0.0040671853348612785,0.00011820907093351707,0.0,0.0,0.9999933838844299,0.015625,8.137088298099115e-05,0.0,0.0,0.0036315990146249533,0.00021855095110367984,0.0,0.0,0.9999963045120239,0.015625,1.7336709788651206e-05,0.0,0.0,0.0026579394470900297,9.13358962861821e-05,bfloat16,,"[4.170131225585937, 4.202369995117188]",24.634529167589186,100,4.192511291503906,4.199376708984375,4.202070666503907,16038104926.815878,122122.50949390745,5,"[1.2020334097055287, 1.2195128455528845]",28.493977602550643,325,1.2082148625300482,1.2164637920673076,1.219207940204327,55652300004.98173,423765.6859541128,5,128,8,True,64,0.0,0.0,0.9999998807907104,0.00390625,1.0648913303157315e-05,0.0,0.0,0.0007379940361715853,5.223644257057458e-05,43.12548828125,351.21484375,0.0,842.0,32,ok
False,1.1551020955294118,"[1.1451157143372102, 1.1631053673694642]",2.102453845977032,"[2.1000570939798466, 2.1201800203911914]",False,1.3712289945508478,"[1.364615017820548, 1.391429057133304]",2.9215956043133358,"[2.8792163839584153, 2.9423999185311143]",False,True,uniform,tilelang,"[3.1906588370339914, 3.216372573584841]",21.420663122718626,114,3.2143586811266447,3.21565085963199,3.216300402189556,20918616330.779907,159285.2729865673,5,168.06396484375,842.0,1,8,8192,0.0,0.0,0.9999914169311523,0.0234375,3.331638072268106e-05,0.0,0.0,0.004154766909778118,0.00012075456470483914,0.0,0.0,0.9999931454658508,0.015625,8.295257430290803e-05,0.0,0.0,0.003718240652233362,0.00022376509150490165,0.0,0.0,0.999996542930603,0.015625,1.733752287691459e-05,0.0,0.0,0.002657912438735366,9.133496496360749e-05,bfloat16,,"[4.206358352510056, 4.245625410929764]",24.483894855909597,101,4.218305228960396,4.235662297919245,4.244629099628712,15940035713.482811,121375.75927055016,5,"[0.9923378720928734, 1.01020082782204]",34.580823382453765,303,0.995547354418059,1.0044379004550845,1.0096245350853446,67540670668.85501,514289.9508776119,5,128,8,True,64,0.0,0.0,0.9999997019767761,0.00390625,1.0651605407474563e-05,0.0,0.0,0.000738087750505656,5.22430709679611e-05,120.12548828125,288.189453125,0.0,842.0,32,ok
,,,,,,,,,,,True,uniform,flex,"[4.394610900878906, 4.432850952148438]",31.284948000511722,100,4.410294189453125,4.426191162109375,4.4321849731445315,30551707031.74973,232184.0575734871,5,244.1376953125,636.0,1,16,8192,0.0,0.0,0.9999917149543762,0.03125,4.70363229396753e-05,0.0,0.0,0.004068528767675161,0.0001451162970624864,0.0,0.0,0.9999932050704956,0.015625,8.32848236314021e-05,0.0,0.0,0.003683221759274602,0.00019738847913686186,0.0,0.0,0.999996542930603,0.015625,2.359219615755137e-05,0.0,0.0,0.0026308479718863964,0.000105369916127529,bfloat16,,"[5.517802734375, 5.644832153320312]",37.184486555223586,100,5.565862426757812,5.632241333007812,5.643573071289062,24208650101.057022,183978.67598687546,5,"[1.1263805613798255, 1.1373466940487131]",60.80091030824556,340,1.134652620203355,1.1366429946001837,1.1372763241038601,118751777945.79211,902478.8571999036,5,128,8,,64,0.0,0.0,0.9999993443489075,0.001953125,2.657079130585771e-05,0.0,0.0,0.0011813086457550526,7.055693276925012e-05,52.25,296.3876953125,0.0,636.0,32,ok
,,,,,,,,,,,True,uniform,sdpa,"[14.155491943359374, 14.202540283203126]",9.727628937607497,100,14.1839111328125,14.196159912109376,14.20190224609375,9499637634.38232,72194.47375351349,5,415.1376953125,848.0,1,16,8192,0.0,0.0,1.0,0.0,0.0,0.0,0.0,0.0,0.0,0.0,0.0,0.9999999403953552,0.0001220703125,7.862711037809333e-10,0.0,0.0,4.279359473002842e-06,2.293362371119656e-07,0.0,0.0,1.0,0.0,0.0,0.0,0.0,0.0,0.0,bfloat16,,"[19.33240966796875, 19.4112744140625]",10.68961309722299,100,19.361199951171876,19.40542431640625,19.410689404296875,6959383526.837884,52889.28385546787,5,"[5.178662109375, 5.240932006835937]",13.301948461284681,100,5.18630126953125,5.236650512695313,5.240503857421874,25980368088.446644,197443.21565271344,5,128,8,,64,0.0,0.0,1.0,0.0,0.0,0.0,0.0,0.0,0.0,359.265625,774.4033203125,0.0,848.0,32,ok
True,0.6774583399816883,"[0.6679025269254458, 0.6816336227894981]",4.747290933231701,"[4.7161140101919665, 4.808770340855387]",True,1.0656738800630001,"[1.0610088708432779, 1.0735001133316044]",4.289142739706765,"[4.282629505442261, 4.337025598824308]",True,True,uniform,triton,"[2.949592125934103, 3.004267949643342]",46.1798846573464,115,2.987790580417799,3.0031671938688858,3.0041578740658963,45097543610.68984,342728.1706794887,5,244.13818359375,848.0,1,16,8192,0.0,0.0,0.9999920129776001,0.015625,4.600368265528232e-05,0.0,0.0,0.004001435358077288,0.00014272322005126625,0.0,0.0,0.9999936819076538,0.01220703125,7.973278115969151e-05,0.0,0.0,0.003545293817296624,0.00018999674648512155,0.0,0.0,0.9999964833259583,0.015625,2.3591879653395154e-05,0.0,0.0,0.002630785573273897,0.00010536741319810972,bfloat16,,"[4.172335510253906, 4.241111450195312]",49.05179038941316,100,4.219290161132813,4.233544067382812,4.240354711914062,31934759368.10753,242694.85171531135,5,"[1.2038764953613281, 1.210683114188058]",57.05395566667276,280,1.209169660295759,1.2102882167271205,1.2106436244419643,111433507161.47025,846862.1349211929,5,128,8,True,64,0.0,0.0,0.9999997019767761,0.001953125,1.0494361049495637e-05,0.0,0.0,0.0008497806848026812,5.0755508709698915e-05,52.25048828125,296.388671875,0.0,848.0,32,ok
True,0.7820974973704713,"[0.775588815394421, 0.792523342779368]",4.112136716777959,"[4.058040516205466, 4.146645453366606]",True,0.9312785041440184,"[0.8984586633923201, 0.947588624364238]",4.908120787957643,"[4.828873358582619, 5.087409773877892]",True,True,uniform,tilelang,"[3.420574845938847, 3.4952610936658135]",40.001340121527555,116,3.44928004823882,3.4877105186725483,3.494506036166487,39063808712.42925,296873.5462702855,5,244.13818359375,848.0,1,16,8192,0.0,0.0,0.999991774559021,0.015625,4.616009755409323e-05,0.0,0.0,0.004068238660693169,0.00014510595065075904,0.0,0.0,0.9999934434890747,0.015625,8.060413529165089e-05,0.0,0.0,0.0036165022756904364,0.00019381289894226938,0.0,0.0,0.9999966025352478,0.015625,2.359459722356405e-05,0.0,0.0,0.0026308458764106035,0.00010536982881603763,bfloat16,,"[4.468838500976562, 4.5500790405273435]",45.589726274415376,100,4.539701232910156,4.547207580566406,4.54979189453125,29680811376.57251,225565.5047465688,5,"[1.0194384765625, 1.0740189034598215]",65.28756976317254,350,1.0566775948660714,1.0713495047433037,1.0737519635881698,127514784693.69637,969075.1511862868,5,128,8,True,64,0.0,0.0,0.9999997019767761,0.001953125,1.0496492905076593e-05,0.0,0.0,0.0008499757386744022,5.076715751783922e-05,140.25048828125,384.388671875,0.0,848.0,32,ok
,,,,,,,,,,,True,uniform,flex,"[7.763493041992188, 8.005744018554687]",35.185918632697486,100,7.873189086914063,7.967082397460937,8.001877856445311,34361248664.74364,260123.30929584272,5,416.28515625,878.0,1,32,8192,0.0,0.0,0.9999918937683105,0.015625,6.240844959393144e-05,0.0,0.0,0.004022778943181038,0.00017473638581577688,0.0,0.0,0.9999934434890747,0.015625,8.060887194005772e-05,0.0,0.0,0.0036494042724370956,0.0001761728199198842,0.0,0.0,0.9999964833259583,0.015625,3.110119723714888e-05,0.0,0.0,0.002673075534403324,0.00012154509022366256,bfloat16,,"[9.5906201171875, 9.663800659179687]",43.27551590282604,100,9.602152099609375,9.639367797851563,9.661357373046874,28174163999.235706,213285.5196163071,5,"[1.8734718178803067, 1.9027168705778301]",73.0156218777571,212,1.897028221274322,1.9019767905181308,1.9026428625718603,142608636479.99432,1079583.3066860035,5,128,8,,64,0.0,0.0,0.9999989867210388,0.00390625,2.496474189683795e-05,0.0,0.0,0.0014083872083574533,7.107364945113659e-05,72.5,488.78515625,0.0,878.0,32,ok
,,,,,,,,,,,True,uniform,sdpa,"[31.763642578125, 31.86966552734375]",8.703803690410679,100,31.82808349609375,31.856079589843752,31.86830693359375,8499808291.416678,64345.6901905938,5,636.28515625,1196.0,1,32,8192,0.0,0.0,0.9999998807907104,0.0,0.0,0.0,0.0,0.0,0.0,0.0,0.0,1.0,0.00048828125,7.204412177941322e-09,0.0,0.0,2.0609244529623538e-05,9.948989827535115e-07,0.0,0.0,0.9999998807907104,0.0,0.0,0.0,0.0,0.0,0.0,bfloat16,,"[39.83856201171875, 41.28765625]",10.403911964135965,100,39.9405615234375,40.7740146484375,41.236292089843744,6773380184.984352,51276.194472083575,5,"[10.49924560546875, 10.54396484375]",13.166156857145152,100,10.52035888671875,10.536446777343752,10.543213037109375,25715150111.611626,194670.16496799013,5,128,8,,64,0.0,0.0,1.0,0.0,0.0,0.0,0.0,0.0,0.0,452.53125,1088.81640625,0.0,1196.0,32,ok
True,0.7357126472148039,"[0.7235311011358041, 0.755678884741606]",5.494796147129968,"[5.391629827867792, 5.51221870144012]",False,1.1978450461432006,"[1.1487073023798, 1.2129063461537861]",4.629734885279765,"[4.618485897972416, 4.82777900497331]",False,True,uniform,triton,"[5.775478515625, 5.90323974609375]",47.82562698344419,100,5.79240478515625,5.888626953125,5.901778466796875,46704713851.019714,353566.4505436933,5,416.28564453125,1196.0,1,32,8192,0.0,0.0,0.9999921321868896,0.015625,6.106646469561383e-05,0.0,0.0,0.003963869530707598,0.00017217756249010563,0.0,0.0,0.9999938011169434,0.015625,7.75809894548729e-05,0.0,0.0,0.0035319975577294827,0.00017050506721716374,0.0,0.0,0.9999963045120239,0.015625,3.109999670414254e-05,0.0,0.0,0.002673698589205742,0.00012157342280261219,bfloat16,,"[7.997533569335937, 8.033895874023438]",51.826028593624955,100,8.01794189453125,8.029380737304688,8.033444360351563,33740904032.30791,255427.14413992787,5,"[2.1791301705983765, 2.2761215124716307]",60.955815706590286,179,2.272345857247294,2.27568962906992,2.27607832413146,119054327551.93416,901271.2538754706,5,128,8,True,64,0.0,0.0,0.9999995827674866,0.00390625,1.0309780918760225e-05,0.0,0.0,0.0009797055972740054,4.944041938870214e-05,72.50048828125,488.7861328125,0.0,1196.0,32,ok
True,0.8471287071299956,"[0.8331023920736844, 0.8593848958735125]",4.77210958061694,"[4.762447700659255, 4.795250133175512]",True,0.951179339441625,"[0.9462485805485662, 0.9631391479672163]",5.830346357758617,"[5.817969442369907, 5.860727414855121]",True,True,uniform,tilelang,"[6.637418823242188, 6.676924438476562]",41.53550497881788,100,6.6696044921875,6.675723754882812,6.676804370117187,40562016580.87684,307064.6846299421,5,416.28564453125,1196.0,1,32,8192,0.0,0.0,0.9999920129776001,0.015625,6.114167626947165e-05,0.0,0.0,0.003979080822318792,0.00017283829220104963,0.0,0.0,0.9999936819076538,0.015625,7.795669080223888e-05,0.0,0.0,0.003558792406693101,0.00017179858696181327,0.0,0.0,0.9999964833259583,0.015625,3.110227044089697e-05,0.0,0.0,0.002673722803592682,0.00012157452147221193,bfloat16,,"[7.833150024414063, 8.614985961914062]",49.492644441755445,100,8.395956420898438,8.574449829101562,8.610932348632813,32221773725.101204,243926.9449877453,5,"[1.7950602616413984, 1.806856363126547]",76.76325467773488,202,1.8044140504138304,1.8061384446550124,1.8067845712793937,149928231792.45093,1134994.4872853903,5,128,8,True,64,0.0,0.0,0.9999995231628418,0.00390625,1.0307645425200462e-05,0.0,0.0,0.00097918591927737,4.9414193199481815e-05,184.50048828125,600.7861328125,0.0,1196.0,32,ok
,,,,,,,,,,,True,uniform,flex,"[4.180472412109375, 4.219288024902344]",16.403904793926106,100,4.191260070800781,4.212015441894531,4.218560766601563,16019438275.318464,61079.48341919253,5,275.041015625,1184.0,1,4,16384,0.0,0.0,0.999991774559021,0.015625,1.2059545952070039e-05,0.0,0.0,0.0040517812594771385,5.293207141221501e-05,0.0,0.0,0.999993085861206,0.015625,6.384258449543267e-05,0.0,0.0,0.0037247822619974613,0.0001994889898924157,0.0,0.0,0.9999963045120239,0.015625,6.252138518902939e-06,0.0,0.0,0.002681149635463953,5.3764546464663e-05,bfloat16,,"[5.134517211914062, 5.196074218749999]",19.99425727655773,100,5.157958374023438,5.186338134765625,5.195100610351562,13017094581.092272,49632.04070999676,5,"[0.9697710487654884, 0.9786199008063047]",35.25858052763216,343,0.9749829706575711,0.9772865228680758,0.9784865630124818,68864415093.03157,262568.68858677853,5,128,8,,64,0.0,0.0,0.9999997019767761,0.001953125,1.4450488379225135e-05,0.0,0.0,0.0005160393775440753,4.3045358324889094e-05,69.0625,344.103515625,0.0,1184.0,32,ok
,,,,,,,,,,,True,uniform,sdpa,"[6.365939331054688, 6.913600463867187]",10.089367782232891,100,6.814404296875,6.875029907226562,6.909743408203124,9852898224.836807,37567.48042046733,5,547.291015625,1444.0,1,4,16384,0.0,0.0,0.9999998807907104,0.0,0.0,0.0,0.0,0.0,0.0,0.0,0.0,1.0,0.000244140625,4.179864454556537e-09,0.0,0.0,1.3555120858654846e-05,7.259745871124323e-07,0.0,0.0,0.9999998807907104,0.0,0.0,0.0,0.0,0.0,0.0,bfloat16,,"[9.24142333984375, 10.153734741210938]",10.810511363938785,100,9.539747314453125,10.048202514648438,10.14318151855469,7038093335.897646,26835.092331234922,5,"[3.043752333697151, 3.078289929558249]",11.216056458026982,136,3.064937815946691,3.0735932742848115,3.077820264030905,21906360269.58395,83525.34875847955,5,128,8,,64,0.0,0.0,0.9999998807907104,0.0,0.0,0.0,0.0,0.0,0.0,550.3125,1097.603515625,0.0,1444.0,32,ok
False,1.3575655488334324,"[1.345195539272824, 1.3610687303756919]",1.1976294815823778,"[1.1188119003053845, 1.2150631777462952]",False,2.5030926223989827,"[2.493790161846142, 2.5165452030397426]",1.2558787648136558,"[1.2471978717981098, 1.2613498826493548]",False,True,uniform,triton,"[5.651309814453125, 5.6993408203125]",12.083324306529523,100,5.689910278320313,5.6956635742187505,5.698973095703124,11800121393.095238,44991.92210032042,5,275.04150390625,1444.0,1,4,16384,0.0,0.0,0.9999922513961792,0.015625,1.1747601092793047e-05,0.0,0.0,0.003948110621422529,5.1577728299889714e-05,0.0,0.0,0.999994695186615,0.0078125,5.997151674819179e-05,0.0,0.0,0.0032875838223844767,0.00017607385234441608,0.0,0.0,0.9999963045120239,0.015625,6.250370006455341e-06,0.0,0.0,0.002680979436263442,5.376113404054195e-05,bfloat16,,"[8.130840454101563, 8.188690185546875]",12.657704888199458,100,8.14757080078125,8.178910400390624,8.18771220703125,8240693286.588188,31420.40815103476,5,"[2.436877172698015, 2.4420119951356134]",14.086007130587152,159,2.44047268081761,2.4414168447818394,2.441952480100236,27511732676.928032,104897.71182942911,5,128,8,True,64,0.0,0.0,0.9999998807907104,0.001953125,6.502322776213987e-06,0.0,0.0,0.00042452552588656545,3.541174010024406e-05,69.06298828125,344.1044921875,0.0,1444.0,32,ok
False,1.3678807385014085,"[1.3587941584128123, 1.3780721470583674]",1.1885981567696486,"[1.1103749389317763, 1.2059003854178076]",False,1.9509652808194196,"[1.9243977503265934, 2.583719228554395]",1.6112951377137177,"[1.2166882670883166, 1.6338898490714375]",False,True,uniform,tilelang,"[5.713969116210937, 5.775858764648437]",11.992203948933092,100,5.733143920898438,5.759639526367188,5.774236840820313,11711136668.879972,44652.63798224734,5,275.04150390625,1444.0,1,4,16384,0.0,0.0,0.9999909996986389,0.015625,1.1819268365798052e-05,0.0,0.0,0.004243817180395126,5.544080340769142e-05,0.0,0.0,0.9999931454658508,0.0078125,6.298053631326184e-05,0.0,0.0,0.003671958576887846,0.000196659893845208,0.0,0.0,0.9999963045120239,0.015625,6.2510584939445835e-06,0.0,0.0,0.002680994803085923,5.376144326874055e-05,bfloat16,,"[7.581729736328125, 7.616453247070313]",13.57197701464022,100,7.598712158203125,7.610328247070312,7.615840747070313,8835922535.57306,33689.91937977771,5,"[1.8768390617748298, 2.519082248801052]",18.072377235141417,202,1.9021579251431002,2.482798480043317,2.5154538719252786,35297611787.38558,134583.9883303806,5,128,8,True,64,0.0,0.0,0.9999998807907104,0.001953125,6.501285042759264e-06,0.0,0.0,0.0004245202580932528,3.54112999048084e-05,204.06298828125,479.1044921875,0.0,1444.0,32,ok
,,,,,,,,,,,True,uniform,flex,"[5.003196411132812, 5.5440826416015625]",27.358886962959275,100,5.028463745117188,5.354940185546875,5.5251683959960936,26717663049.764915,101820.36223233581,5,433.3359375,1080.0,1,8,16384,0.0,0.0,0.9999918937683105,0.015625,1.7444905097363517e-05,0.0,0.0,0.004026046488434076,7.699053821852431e-05,0.0,0.0,0.9999932050704956,0.015625,6.411717913579196e-05,0.0,0.0,0.003642162075266242,0.00019768621132243425,0.0,0.0,0.9999967217445374,0.015625,8.841480848786887e-06,0.0,0.0,0.00255248392932117,6.0010737797711045e-05,bfloat16,,"[6.9712152099609375, 7.10923095703125]",29.516894833381368,100,6.991242065429687,7.08619580078125,7.10692744140625,19216728407.149326,73234.48325895323,5,"[1.3166612084232159, 1.3440182813957555]",52.223983897222126,268,1.31714550416861,1.3343925817688898,1.3430557114330688,101999968549.26196,388719.39233712637,5,128,8,,64,0.0,0.0,0.9999997019767761,0.001953125,1.792614784790203e-05,0.0,0.0,0.0007082289666868746,4.741573502542451e-05,74.125,507.4609375,0.0,1080.0,32,ok
,,,,,,,,,,,True,uniform,sdpa,"[13.379794921875, 13.477703857421876]",10.260749902517363,100,13.407711181640625,13.455305419921876,13.475464013671875,10020263576.677113,38186.98009404387,5,722.0859375,1404.0,1,8,16384,0.0,0.0,1.0000001192092896,0.0,0.0,0.0,0.0,0.0,0.0,0.0,0.0,0.9999997615814209,0.0001220703125,3.490050470844608e-10,0.0,0.0,2.6379757400718518e-06,1.4318183616524038e-07,0.0,0.0,1.0,0.0,0.0,0.0,0.0,0.0,0.0,bfloat16,,"[19.05364990234375, 19.143270263671877]",10.82242763921791,100,19.0677880859375,19.133953369140627,19.14233857421875,7045851327.615827,26851.567559511535,5,"[5.72344970703125, 5.774360961914063]",11.9801282679128,100,5.7417236328125,5.762973999023438,5.773222265625001,23398688023.26719,89171.82935696337,5,128,8,,64,0.0,0.0,0.9999999403953552,0.0,0.0,0.0,0.0,0.0,0.0,576.6328125,1298.71875,0.0,1404.0,32,ok
False,1.146228471099885,"[1.0396252514882878, 1.1527787960748237]",2.326205784001835,"[2.3205591725146286, 2.3383493456459026]",False,1.85998581651029,"[1.822796601761794, 1.869928317470504]",2.3436831539995087,"[2.3312216752404735, 2.35700520906495]",False,True,uniform,triton,"[5.746253662109375, 5.775746459960938]",23.868615771432154,100,5.763768310546875,5.772479370117187,5.775419750976562,23309195089.28921,88830.77396832779,5,433.33642578125,1404.0,1,8,16384,0.0,0.0,0.9999922513961792,0.015625,1.6995289115584455e-05,0.0,0.0,0.003932387102395296,7.519947394030169e-05,0.0,0.0,0.999994158744812,0.015625,6.0505291912704706e-05,0.0,0.0,0.003377086017280817,0.00018329863087274134,0.0,0.0,0.9999967813491821,0.015625,8.841684575600084e-06,0.0,0.0,0.0025524788070470095,6.0010614106431603e-05,bfloat16,,"[8.17652099609375, 8.22181396484375]",25.172494255301782,100,8.1978271484375,8.21397119140625,8.2210296875,16388342614.128765,62455.57398677121,5,"[2.443313273977726, 2.4629676764738475]",28.077624804260545,141,2.4498719560339097,2.4612104699966757,2.4627919558261304,54839110945.82137,208990.5142752339,5,128,8,True,64,0.0,0.0,0.9999998211860657,0.001953125,6.33688523521414e-06,0.0,0.0,0.0005175554542802274,3.465019472059794e-05,74.12548828125,507.4619140625,0.0,1404.0,32,ok
False,1.2424643159940936,"[1.1269108293402543, 1.2494928474069984]",2.146028070936411,"[2.1415598155958113, 2.157231045474839]",False,1.5572081671989308,"[1.526072795937484, 1.5757204620812997]",2.7993800165294824,"[2.766491601610155, 2.816114271024434]",False,True,uniform,tilelang,"[6.2433349609375, 6.252937622070313]",22.0198573196603,100,6.247686767578125,6.252345825195313,6.252878442382813,21503766913.730762,81950.33122610809,5,433.33642578125,1404.0,1,8,16384,0.0,0.0,0.9999920725822449,0.015625,1.7049665984814055e-05,0.0,0.0,0.0040195719338953495,7.686673052376136e-05,0.0,0.0,0.9999938607215881,0.015625,6.172803114168346e-05,0.0,0.0,0.0034842598251998425,0.0001891157153295353,0.0,0.0,0.9999967813491821,0.015625,8.842773240758106e-06,0.0,0.0,0.0025524934753775597,6.001095971441828e-05,bfloat16,,"[8.290511474609374, 8.336580810546875]",24.776271511517493,100,8.328927001953126,8.333904296875,8.336313159179689,16130385098.6442,61472.50418690625,5,"[2.0403623580932617, 2.075453122456869]",33.53693166865506,192,2.051069736480713,2.0671435674031575,2.0746221669514977,65501819665.34191,249625.83713926031,5,128,8,True,64,0.0,0.0,0.9999998211860657,0.001953125,6.3387028603756335e-06,0.0,0.0,0.0005176467821002007,3.465630652499385e-05,214.12548828125,647.4619140625,0.0,1404.0,32,ok
,,,,,,,,,,,True,uniform,flex,"[8.642904663085938, 8.6827783203125]",31.847339560989216,100,8.647968139648437,8.674911376953126,8.681991625976563,31100917540.02853,118409.31690130258,5,615.169921875,1332.0,1,16,16384,0.0,0.0,0.9999918341636658,0.015625,2.4686540200491436e-05,0.0,0.0,0.0040503814816474915,9.269154543289915e-05,0.0,0.0,0.9999933242797852,0.015625,6.228008714970201e-05,0.0,0.0,0.003684387542307377,0.00017356799799017608,0.0,0.0,0.9999963641166687,0.015625,1.2386062735458836e-05,0.0,0.0,0.0026830744463950396,6.893188401591033e-05,bfloat16,,"[10.8843994140625, 10.952149658203124]",37.858467950421485,100,10.912279052734375,10.944361572265624,10.951370849609374,24647440071.888985,93839.2424764292,5,"[2.238502552967198, 2.2615307940552567]",60.918530540081015,151,2.260517246675807,2.2615016911992964,2.2615278837696606,118981504961.09573,452993.6683764914,5,128,8,,64,0.0,0.0,0.9999995827674866,0.001953125,1.8381797417532653e-05,0.0,0.0,0.000945699808653444,4.983210237696767e-05,84.25,699.419921875,0.0,1332.0,32,ok
,,,,,,,,,,,True,uniform,sdpa,"[26.9488232421875, 27.00861572265625]",10.205501876210846,100,26.98689208984375,27.00322607421875,27.0080767578125,9966310425.987154,37944.34707749739,5,939.169921875,1740.0,1,16,16384,0.0,0.0,1.0000001192092896,0.0,0.0,0.0,0.0,0.0,0.0,0.0,0.0,1.0000001192092896,0.000244140625,1.3846446211829289e-09,0.0,0.0,7.484146863134811e-06,3.5257104968877684e-07,0.0,0.0,0.9999999403953552,0.0,0.0,0.0,0.0,0.0,0.0,bfloat16,,"[37.026357421875, 37.07033203125]",11.155691548361641,100,37.032412109375,37.0679580078125,37.07009462890625,7262820018.46461,27651.452921176788,5,"[9.983143920898437, 10.044402465820312]",13.736691449984301,100,10.024785766601562,10.043805541992187,10.044342773437501,26829475488.250587,102146.82127288387,5,128,8,,64,0.0,0.0,1.0000001192092896,0.0,0.0,0.0,0.0,0.0,0.0,630.265625,1569.435546875,0.0,1740.0,32,ok
True,0.6609036412389986,"[0.6580305927140189, 0.6628709171561156]",4.721724536512978,"[4.707494570440325, 4.734050760986525]",True,1.0793381303284326,"[1.0716851440879973, 1.0899529488443673]",4.108750364700723,"[4.091683072421066, 4.138091267838087]",True,True,uniform,triton,"[5.700592041015625, 5.732486572265625]",48.18756861633398,100,5.7154736328125,5.729741455078125,5.732212060546875,47058172476.88865,179162.7546177839,5,615.17041015625,1740.0,1,16,16384,0.0,0.0,0.9999921321868896,0.015625,2.4125636628014036e-05,0.0,0.0,0.003999258857220411,9.152162238024175e-05,0.0,0.0,0.9999938607215881,0.015625,5.956748282187618e-05,0.0,0.0,0.003515183925628662,0.0001655969681451097,0.0,0.0,0.9999963641166687,0.015625,1.238409004145069e-05,0.0,0.0,0.0026829505804926157,6.892870442243293e-05,bfloat16,,"[8.109915161132813, 8.168690185546875]",50.66366409425202,100,8.154210205078124,8.165639404296876,8.168385107421875,32984156311.36199,125579.29882188867,5,"[2.422562751217165, 2.4469347967617754]",56.4406360049043,138,2.4398624586022417,2.444709224977355,2.4467122395833334,110235617197.0787,419695.78915798117,5,128,8,True,64,0.0,0.0,0.9999998807907104,0.001953125,6.336270871543093e-06,0.0,0.0,0.0006537539302371442,3.444849426159635e-05,84.25048828125,699.4208984375,0.0,1740.0,32,ok
True,0.7623592235661503,"[0.7593028444528922, 0.7639363473246311]",4.093352375946132,"[4.08471367325737, 4.096647400941644]",True,0.92375559272121,"[0.9168140361192336, 0.9328403250162061]",4.800762205464393,"[4.780820372923355, 4.837110648299015]",True,True,uniform,tilelang,"[6.5896435546875, 6.606497192382813]",41.77471535271037,100,6.5928582763671875,6.604267211914063,6.6062741943359375,40795620461.631226,155319.58326339858,5,328.12646484375,1740.0,1,16,16384,0.0,0.0,0.9999918937683105,0.015625,2.4173205019906163e-05,0.0,0.0,0.004011936951428652,9.181176574202254e-05,0.0,0.0,0.9999938011169434,0.015625,6.005797331454232e-05,0.0,0.0,0.00352945807389915,0.00016626941214781255,0.0,0.0,0.9999963641166687,0.015625,1.2385361515043769e-05,0.0,0.0,0.002683020196855068,6.893050158396363e-05,bfloat16,,"[8.686001586914063, 8.702821655273437]",47.51618820902324,100,8.694345703125,8.702639282226562,8.702803417968749,30935018365.249504,117777.69540863147,5,"[2.072473940641984, 2.0958956842837124]",65.9465891412105,184,2.088165449059528,2.0951627316682235,2.095822389022164,128801931916.42676,490382.59897518717,5,128,8,True,64,0.0,0.0,0.9999998211860657,0.001953125,6.336722435662523e-06,0.0,0.0,0.0006539914757013321,3.446100890869275e-05,236.25048828125,564.376953125,0.0,1740.0,32,ok
,,,,,,,,,,,True,uniform,flex,"[15.10672607421875, 15.239326171875]",36.43420716182566,100,15.147943115234375,15.22983154296875,15.238376708984374,35580280431.470375,135199.87396442718,5,488.2890625,1264.0,1,32,16384,0.0,0.0,0.9999918937683105,0.015625,3.400581772439182e-05,0.0,0.0,0.004043744411319494,0.00011110256309621036,0.0,0.0,0.9999933242797852,0.015625,6.041656160959974e-05,0.0,0.0,0.0036703411024063826,0.00014998162805568427,0.0,0.0,0.999996542930603,0.015625,1.688734846538864e-05,0.0,0.0,0.002664912259206176,7.73291612858884e-05,bfloat16,,"[17.65267578125, 18.76565185546875]",45.82140699718142,100,18.066990966796876,18.693001953125002,18.758386865234375,29831645180.456657,113355.89881922063,5,"[3.652981627221201, 3.6911914301853552]",74.95233051666906,102,3.6816953771254597,3.687896489162071,3.6908619360830266,146391270540.36926,556265.4674594527,5,128,8,,64,0.0,0.0,0.9999993443489075,0.001953125,1.702264853520319e-05,0.0,0.0,0.0011551606003195047,5.0274575187359005e-05,104.5,592.7890625,0.0,1264.0,32,ok
,,,,,,,,,,,True,uniform,sdpa,"[57.8745361328125, 58.0438134765625]",9.53173207607562,100,57.9016796875,58.02488183593751,58.0419203125,9308332105.542599,35370.30378139667,5,884.2890625,1742.0,1,32,16384,0.0,0.0,1.0000001192092896,0.0,0.0,0.0,0.0,0.0,0.0,0.0,0.0,1.0,0.00048828125,7.654653799704647e-09,0.0,0.0,2.1861862478544936e-05,8.9334412223252e-07,0.0,0.0,1.0,0.0,0.0,0.0,0.0,0.0,0.0,bfloat16,,"[76.6866455078125, 77.49283203125]",10.728357274342406,100,77.1651171875,77.37009765625001,77.48055859375,6984607600.483338,26540.489727031167,5,"[18.495240478515626, 19.151866455078125]",14.461092749772591,100,19.08235107421875,19.137829345703125,19.150462744140622,28244321776.899593,107324.3014990409,5,128,8,,64,0.0,0.0,1.0,0.0,0.0,0.0,0.0,0.0,0.0,740.53125,1624.8203125,0.0,1742.0,32,ok
True,0.734163658480667,"[0.725482487422357, 0.7490519731537784]",5.206484910618437,"[5.102999720714025, 5.250047587690533]",False,1.2050014761736312,"[1.191063308764573, 1.2144732213264895]",4.301267479625246,"[4.16892950395237, 4.350114935779693]",False,True,uniform,triton,"[11.030015869140625, 11.3465966796875]",49.62681922614547,100,11.1210693359375,11.27191357421875,11.339128369140626,48463690650.532684,184154.952921832,5,488.28955078125,1742.0,1,32,16384,0.0,0.0,0.9999918937683105,0.015625,3.340101829962805e-05,0.0,0.0,0.004033269360661507,0.00011081476986873895,0.0,0.0,0.9999935626983643,0.015625,5.8558827731758356e-05,0.0,0.0,0.0036221209447830915,0.00014801121142227203,0.0,0.0,0.9999964237213135,0.015625,1.6885776858543977e-05,0.0,0.0,0.002664883155375719,7.732830999884754e-05,bfloat16,,"[15.5747216796875, 15.696441650390625]",53.08677493714138,100,15.59437255859375,15.658007568359373,15.6925982421875,34561702433.03475,131329.42619556613,5,"[4.386631469726563, 4.445689697265625]",62.20102796444128,100,4.436448364257813,4.4425029296875,4.445371020507812,121486382743.04938,461630.5278113197,5,128,8,True,64,0.0,0.0,0.9999996423721313,0.001953125,6.338651473924983e-06,0.0,0.0,0.0007825963548384607,3.4059936297126114e-05,104.50048828125,592.7900390625,0.0,1742.0,32,ok
True,0.8479610482388261,"[0.8428762254831282, 0.8540306789828409]",4.507768390709673,"[4.481257777688761, 4.518833807206149]",True,0.971290677969614,"[0.9628099934151197, 0.9789253721612661]",5.336233302682025,"[5.172052321996617, 5.383236254104156]",True,True,uniform,tilelang,"[12.83834716796875, 12.9208544921875]",42.966840561247174,100,12.84486572265625,12.9180830078125,12.92057734375,41959805235.59294,159441.1373555787,5,488.28955078125,1742.0,1,32,16384,0.0,0.0,0.999991774559021,0.015625,3.343750358908437e-05,0.0,0.0,0.004065847955644131,0.00011170987272635102,0.0,0.0,0.9999934434890747,0.015625,5.874146518181078e-05,0.0,0.0,0.0036357271019369364,0.00014856719644740224,0.0,0.0,0.999996542930603,0.015625,1.6887361198314466e-05,0.0,0.0,0.002664942992851138,7.733004895271733e-05,bfloat16,,"[16.355609130859374, 16.47751708984375]",50.47477484823503,100,16.40135986328125,16.475080566406252,16.4772734375,32861181541.819683,124867.69493942913,5,"[3.5447731018066406, 3.5816119057791576]",77.16776472451008,112,3.5759963989257812,3.5805707114083427,3.581507786342076,150718290477.55875,572707.5118462683,5,128,8,True,64,0.0,0.0,0.9999997615814209,0.001953125,6.3388351918547414e-06,0.0,0.0,0.000782710500061512,3.40649057761766e-05,280.50048828125,768.7900390625,0.0,1742.0,32,ok
,,,,,,,,,,,True,uniform,flex,"[8.314557495117187, 8.388410034179687]",16.515317372268942,100,8.323939819335937,8.364528686523437,8.386021899414063,16128239621.35639,30754.667327763436,5,838.0849609375,2066.0,1,4,32768,0.0,0.0,0.9999916553497314,0.015625,6.061373824195471e-06,0.0,0.0,0.004102818202227354,3.496377030387521e-05,0.0,0.0,0.9999929070472717,0.015625,4.8222285840893164e-05,0.0,0.0,0.0037439530715346336,0.00018278938659932464,0.0,0.0,0.9999964833259583,0.03125,3.1429112823389005e-06,0.0,0.0,0.0026858060155063868,3.742310218513012e-05,bfloat16,,"[10.269705810546874, 10.3560400390625]",20.013911326001395,100,10.303271484375,10.341015136718749,10.354537548828125,13029890186.198824,24846.4771978712,5,"[1.9677218733162716, 1.9794314530095443]",34.85606389294152,203,1.972002752896013,1.977890721213054,1.9792773798298953,68078249790.90141,129817.26299522023,5,128,8,,64,0.0,0.0,1.0,0.0009765625,9.680556104285643e-06,0.0,0.0,0.0003560410114005208,2.8800879590562545e-05,134.0625,972.1474609375,0.0,2066.0,32,ok
,,,,,,,,,,,True,uniform,sdpa,"[13.37198486328125, 13.441475830078126]",10.25459019510626,100,13.405948486328125,13.432029052734375,13.440531152343752,10014248237.408457,19096.00057475069,5,1379.3349609375,2618.0,1,4,32768,0.0,0.0,0.9999998807907104,0.0,0.0,0.0,0.0,0.0,0.0,0.0,0.0,1.0,0.000244140625,3.561134054308468e-09,0.0,0.0,1.0467693755344953e-05,5.110596248414367e-07,0.0,0.0,1.0000001192092896,0.0,0.0,0.0,0.0,0.0,0.0,bfloat16,,"[19.380819091796877, 19.476207275390625]",10.612760558901932,100,19.43026611328125,19.459263427734374,19.474512890624997,6909349322.201778,13175.32135213605,5,"[5.997014770507812, 6.011173706054688]",11.451212742810577,100,6.002530517578125,6.009925659179688,6.011048901367189,22365649888.30191,42648.67946115662,5,128,8,,64,0.0,0.0,0.9999999403953552,0.0,0.0,0.0,0.0,0.0,0.0,1070.19140625,2449.5263671875,0.0,2618.0,32,ok
False,1.3408036681191586,"[1.330498747377956, 1.345736425231331]",1.201167091148959,"[1.1967986630523828, 1.2060585186754622]",False,2.4746175889396613,"[2.460612640005891, 2.5081731048876192]",1.230038668272524,"[1.2135826341696971, 1.237039619359111]",False,True,uniform,triton,"[11.125379638671875, 11.193291015625]",12.317476275580422,100,11.16076904296875,11.19165576171875,11.193127490234374,12028785425.371506,22937.487462952133,5,839.08544921875,2618.0,1,4,32768,0.0,0.0,0.9999921917915344,0.015625,5.895984031667467e-06,0.0,0.0,0.003932170104235411,3.3509524655528367e-05,0.0,0.0,0.9999945759773254,0.015625,4.470027124625631e-05,0.0,0.0,0.0033331140875816345,0.00016273117216769606,0.0,0.0,0.9999963641166687,0.03125,3.1430970466317376e-06,0.0,0.0,0.002685864455997944,3.742391709238291e-05,bfloat16,,"[16.006177978515623, 16.056690673828125]",12.870637611967092,100,16.02164306640625,16.046036376953126,16.055625244140625,8379321361.957742,15978.386170440532,5,"[4.852334899902344, 4.946124267578125]",14.085434472272079,100,4.8799526977539065,4.923051513671876,4.9438169921875,27510614203.656403,52459.52488798283,5,128,8,True,64,0.0,0.0,0.9999999403953552,0.0009765625,3.7367158256529365e-06,0.0,0.0,0.00027995946584269404,2.264648901473265e-05,133.06298828125,972.1484375,0.0,2618.0,32,ok
False,1.489339558025723,"[1.477893045410105, 1.4935221535975038]",1.0813714261182124,"[1.0780408590173867, 1.0850583168729258]",False,2.0521543070505497,"[2.0444526819649265, 2.0643924955250927]",1.4832585021142501,"[1.4760216086931854, 1.4876715723016802]",False,True,uniform,tilelang,"[12.355048828125, 12.431988525390626]",11.089020823539892,100,12.3971728515625,12.420780517578127,12.430867724609374,10829121897.988176,20649.86937467235,5,837.08544921875,2618.0,1,4,32768,0.0,0.0,0.9999904632568359,0.015625,5.9370977396611124e-06,0.0,0.0,0.004337342455983162,3.696235944516957e-05,0.0,0.0,0.999992847442627,0.015625,4.801298928214237e-05,0.0,0.0,0.003820652374997735,0.00018653404549695551,0.0,0.0,0.9999964237213135,0.03125,3.1429051432496635e-06,0.0,0.0,0.0026858027558773756,3.742305489140563e-05,bfloat16,,"[16.372913818359375, 16.440064697265626]",12.57999457650575,100,16.391800537109376,16.432787841796877,16.439337011718752,8190100635.745932,15617.564368260944,5,"[4.034849243164063, 4.066695556640625]",16.98510866029283,100,4.046853942871094,4.06487744140625,4.066513745117188,33174040352.134438,63259.016414705955,5,128,8,True,64,0.0,0.0,1.0,0.0009765625,3.7381460060714744e-06,0.0,0.0,0.0002801438677124679,2.2661404727841727e-05,397.06298828125,1234.1484375,0.0,2618.0,32,ok
,,,,,,,,,,,True,uniform,flex,"[10.727198486328126, 10.76800048828125]",25.596646374913483,100,10.744068603515625,10.76561279296875,10.76776171875,24996724975.50145,47654.2005541984,5,1124.138671875,2428.0,1,8,32768,0.0,0.0,0.9999921321868896,0.015625,8.81648429640336e-06,0.0,0.0,0.003964666277170181,4.898760744254105e-05,0.0,0.0,0.9999935030937195,0.015625,4.8448135203216225e-05,0.0,0.0,0.0036045662127435207,0.00017799781926441938,0.0,0.0,0.9999963641166687,0.015625,4.4861467358714435e-06,0.0,0.0,0.0026684915646910667,4.230361810186878e-05,bfloat16,,"[13.62850830078125, 13.71576171875]",30.226578323382007,100,13.64753173828125,13.711368164062499,13.71532236328125,19678761929.28516,37515.94133053692,5,"[2.8670769968340473, 2.9201943182176158]",47.66712745404441,124,2.8847146803332913,2.9136937787455897,2.9195442642704132,93099858308.6805,177487.22377661456,5,128,8,,64,0.0,0.0,0.9999998807907104,0.001953125,1.2277643691049889e-05,0.0,0.0,0.0005134059465490282,3.239306533941999e-05,138.125,1262.263671875,0.0,2428.0,32,ok
,,,,,,,,,,,True,uniform,sdpa,"[25.9298046875, 25.97749755859375]",10.598118716055685,100,25.9491455078125,25.975766113281253,25.9773244140625,10349725308.64813,19730.900188827116,5,1692.888671875,2982.0,1,8,32768,0.0,0.0,1.0,0.0,0.0,0.0,0.0,0.0,0.0,0.0,0.0,0.9999998807907104,0.0001220703125,1.3526061382052035e-09,0.0,0.0,5.007268100598594e-06,2.4726494984861347e-07,0.0,0.0,0.9999998807907104,0.0,0.0,0.0,0.0,0.0,0.0,bfloat16,,"[37.2318798828125, 37.406806640625]",11.0659766933454,100,37.27806396484375,37.369886718749996,37.4031146484375,7204411909.730079,13734.618849381708,5,"[11.14701171875, 11.24685791015625]",12.29658060811368,100,11.18246337890625,11.22972412109375,11.24514453125,24016759000.222034,45785.97601006214,5,128,8,,64,0.0,0.0,1.0,0.0,0.0,0.0,0.0,0.0,0.0,1104.6328125,2797.521484375,0.0,2982.0,32,ok
True,1.0488970056493516,"[1.0410195665824586, 1.0553916083589816]",2.302615601755216,"[2.2904666872329966, 2.3161672692921416]",False,1.6741993359931715,"[1.6538582286166357, 1.685957029078855]",2.315407600549793,"[2.306070605550387, 2.328779053180113]",False,True,uniform,triton,"[11.203485107421875, 11.328785400390625]",24.403393504843784,100,11.26942138671875,11.325829345703125,11.328489794921875,23831438969.57401,45432.67861146826,5,1124.13916015625,2982.0,1,8,32768,0.0,0.0,0.9999926686286926,0.015625,8.602057278039865e-06,0.0,0.0,0.0038186227902770042,4.718308264273219e-05,0.0,0.0,0.9999946355819702,0.01171875,4.5480999688152224e-05,0.0,0.0,0.003261064412072301,0.00016103529196698219,0.0,0.0,0.9999963641166687,0.015625,4.486236321099568e-06,0.0,0.0,0.0026685213670134544,4.23040910391137e-05,bfloat16,,"[16.07768798828125, 16.1985595703125]",25.611547940105456,100,16.10672607421875,16.169864257812502,16.1956900390625,16674184856.839489,31787.962224025992,5,"[4.805863037109375, 4.844020385742187]",28.471596200799617,100,4.82958740234375,4.8399196777343745,4.843610314941406,55608586329.68675,106013.19685228837,5,128,8,True,64,0.0,0.0,0.9999999403953552,0.001953125,3.7260656426951755e-06,0.0,0.0,0.0003591212735045701,2.2658561647403985e-05,138.12548828125,1262.2646484375,0.0,2982.0,32,ok
True,1.0535281264951217,"[1.0511866598738984, 1.0573800647517142]",2.2924937162118657,"[2.2864653597341533, 2.295102451389636]",False,1.3005328691058518,"[1.2847317167768173, 1.3416753737757827]",2.980665817434636,"[2.8892636349766, 3.001085965556622]",False,True,uniform,tilelang,"[11.31659912109375, 11.34861083984375]",24.296120560225027,100,11.319178466796876,11.3462568359375,11.348375439453125,23726680234.594753,45232.96469808968,5,554.06396484375,2982.0,1,8,32768,0.0,0.0,0.9999921917915344,0.015625,8.625220289104618e-06,0.0,0.0,0.003932925872504711,4.859541877522133e-05,0.0,0.0,0.999994158744812,0.01171875,4.68610342068132e-05,0.0,0.0,0.0034403186291456223,0.00016988707648124546,0.0,0.0,0.9999963641166687,0.015625,4.486621492105769e-06,0.0,0.0,0.00266852043569088,4.230407648719847e-05,bfloat16,,"[15.090733642578124, 15.14722900390625]",27.314121405153376,100,15.102744140625,15.13737158203125,15.146243261718752,17782631123.14673,33901.12387739966,5,"[3.733323059082031, 3.870350646972656]",36.65199748993406,100,3.751666259765625,3.834766418457031,3.8667922241210935,71585932597.52747,136472.6936110745,5,128,8,True,64,0.0,0.0,0.9999999403953552,0.001953125,3.7252775655360892e-06,0.0,0.0,0.0003590534906834364,2.2654283384326845e-05,408.12548828125,962.189453125,0.0,2982.0,32,ok
,,,,,,,,,,,True,uniform,flex,"[15.452349853515624, 15.46111572265625]",35.59967898582243,100,15.457799072265624,15.46007470703125,15.461011621093752,34765311509.59222,66244.87711431444,5,724.1630859375,2070.0,1,16,32768,0.0,0.0,0.9999921321868896,0.015625,1.2651262295548804e-05,0.0,0.0,0.003985954448580742,6.01251631451305e-05,0.0,0.0,0.9999934434890747,0.015625,4.6982717321952805e-05,0.0,0.0,0.0036232939455658197,0.00015428794722538441,0.0,0.0,0.9999963045120239,0.015625,6.3293982748291455e-06,0.0,0.0,0.0027252649888396263,4.623089262167923e-05,bfloat16,,"[19.5557177734375, 19.615789794921874]",42.19676201040404,100,19.56166748046875,19.596126708984375,19.613823486328123,27471850267.190136,52347.27566156657,5,"[4.062067260742188, 4.0925244140625]",67.31589416558599,100,4.087390441894531,4.091654541015624,4.0924374267578125,131476355792.16013,250526.59259176854,5,128,8,,64,0.0,0.0,0.9999997615814209,0.001953125,1.2701570085482672e-05,0.0,0.0,0.0007175733335316181,3.4858134313253686e-05,148.25,872.4130859375,0.0,2070.0,32,ok
,,,,,,,,,,,True,uniform,sdpa,"[48.2598779296875, 48.3675390625]",11.385769240650633,100,48.33162109375,48.36558203125,48.367343359375,11118915274.072884,21186.957458218145,5,1352.1630859375,2862.0,1,16,32768,0.0,0.0,1.0000001192092896,0.0,0.0,0.0,0.0,0.0,0.0,0.0,0.0,1.0,0.000244140625,2.1951092055161325e-09,0.0,0.0,9.013279850478284e-06,3.8380557043637964e-07,0.0,0.0,0.9999997615814209,0.0,0.0,0.0,0.0,0.0,0.0,bfloat16,,"[66.096181640625, 66.6903369140625]",12.480506831433557,100,66.13826171875,66.4907763671875,66.67038085937499,8125329968.381222,15482.71716536056,5,"[17.84234375, 17.857602539062505]",15.417843522356602,100,17.845968017578127,17.85466650390625,17.857308935546875,30112975629.602737,57379.9078307979,5,128,8,,64,0.0,0.0,1.0,0.0,0.0,0.0,0.0,0.0,0.0,1174.265625,2526.4287109375,0.0,2862.0,32,ok
True,0.6608338731594156,"[0.6605262526163542, 0.6618998898288869]",4.731418985431501,"[4.7232614790093725, 4.736222212965049]",True,1.0889211614446674,"[1.0857628794431922, 1.095876962469038]",4.009567670734995,"[3.994139418509887, 4.0192884373823246]",True,True,uniform,triton,"[10.210753784179687, 10.231515502929687]",53.87084474895641,100,10.215037231445313,10.226264770507811,10.2309904296875,52608246825.15274,100244.37276134288,5,724.16357421875,2862.0,1,16,32768,0.0,0.0,0.9999921917915344,0.015625,1.238333061337471e-05,0.0,0.0,0.003934130072593689,5.934343789704144e-05,0.0,0.0,0.9999939203262329,0.015625,4.4818894821219146e-05,0.0,0.0,0.00347419292666018,0.00014793888840358704,0.0,0.0,0.9999963045120239,0.015625,6.328770723484922e-06,0.0,0.0,0.002725244965404272,4.623055792762898e-05,bfloat16,,"[14.7178857421875, 15.001632080078124]",56.046785835542636,100,14.72767822265625,14.895164306640625,14.990985302734375,36488792861.681404,69528.9498126551,5,"[4.44114990234375, 4.468038330078125]",61.81888693969199,100,4.450845947265625,4.462014404296875,4.4674359374999995,120740013554.08592,230068.62338812102,5,128,8,True,64,0.0,0.0,0.9999998807907104,0.001953125,3.7746847283415264e-06,0.0,0.0,0.00047580833779647946,2.3113721908885054e-05,148.25048828125,872.4140625,0.0,2862.0,32,ok
True,0.7671163826601045,"[0.7662085429955188, 0.7848220200711853]",4.075889922778599,"[3.983937572749417, 4.081616911128151]",True,0.9345217292404737,"[0.9325633784766147, 0.9404233807561415]",4.672018796669674,"[4.650729884021301, 4.681419348691062]",True,True,uniform,tilelang,"[11.843897705078126, 12.13162109375]",46.407142111050455,100,11.857930908203125,12.028947753906252,12.121353759765626,45319474717.82271,86355.70639829022,5,724.16357421875,2862.0,1,16,32768,0.0,0.0,0.9999920725822449,0.015625,1.2419598533597309e-05,0.0,0.0,0.004015340935438871,6.056843267288059e-05,0.0,0.0,0.9999934434890747,0.015625,4.552063546725549e-05,0.0,0.0,0.003588697174564004,0.000152814740431495,0.0,0.0,0.9999963641166687,0.015625,6.329592451947974e-06,0.0,0.0,0.00272528943605721,4.623131098924205e-05,bfloat16,,"[16.002415771484376, 16.246583251953126]",51.38357693423628,100,16.0642578125,16.206043212890627,16.242529248046875,33452849566.56008,63743.99688750015,5,"[3.8120849016800666, 3.8372402746700547]",72.03245474056183,103,3.819755183840261,3.8303693752844357,3.8365531847314926,140688388165.15982,268080.00793666125,5,128,8,True,64,0.0,0.0,0.9999998807907104,0.001953125,3.7750064620922785e-06,0.0,0.0,0.00047583162086084485,2.311485332029406e-05,428.25048828125,1152.4140625,0.0,2862.0,32,ok
,,,,,,,,,,,True,uniform,flex,"[27.295830078125, 27.43687744140625]",40.29327323321592,100,27.34101806640625,27.39897802734375,27.4330875,39348899641.81242,74905.76960323089,5,1088.359375,2552.0,1,32,32768,0.0,0.0,0.999991774559021,0.015625,1.776407407305669e-05,0.0,0.0,0.0040406701155006886,6.941265746718273e-05,0.0,0.0,0.9999933242797852,0.0078125,4.506159893935546e-05,0.0,0.0,0.003643013071268797,0.00012799198157154024,0.0,0.0,0.9999964237213135,0.015625,8.847609024087433e-06,0.0,0.0,0.0026972773484885693,5.115197564009577e-05,bfloat16,,"[34.0294189453125, 34.16004150390625]",48.47141579900002,100,34.09202392578125,34.14913037109375,34.158950390625,31556911327.473972,60072.70217979786,5,"[6.614933471679688, 6.626888427734375]",83.1308342916436,100,6.626055908203125,6.6267509765625,6.626874682617188,162364910725.8664,309082.8131203292,5,128,8,,64,0.0,0.0,0.9999997019767761,0.001953125,1.14783597382484e-05,0.0,0.0,0.0009003831655718386,3.4817945561371744e-05,168.5,1256.859375,0.0,2552.0,32,ok
,,,,,,,,,,,True,uniform,sdpa,"[107.646376953125, 108.85494140625]",10.187772079952694,100,108.1354296875,108.65687890625,108.83513515625,9948996171.828802,18939.213594642424,5,1836.359375,3368.0,1,32,32768,0.0,0.0,0.9999998807907104,0.0,0.0,0.0,0.0,0.0,0.0,0.0,0.0,0.9999998807907104,0.00048828125,7.542960034356838e-09,0.0,0.0,2.178932845708914e-05,7.655363560843398e-07,0.0,0.0,1.0,0.0,0.0,0.0,0.0,0.0,0.0,bfloat16,,"[144.075927734375, 145.427861328125]",11.461074102061017,100,144.182705078125,145.026431640625,145.387718359375,7461636785.195975,14204.200142383906,5,"[33.40983642578125, 36.17647216796875]",16.479783322974857,100,33.42456298828125,36.04482080078125,36.16330703125,32187076802.685265,61272.30446417608,5,128,8,,64,0.0,0.0,1.0,0.0,0.0,0.0,0.0,0.0,0.0,1316.53125,3152.890625,0.0,3368.0,32,ok
True,0.7875631502826042,"[0.7814983852614119, 0.7923569090545466]",5.021898617954594,"[4.995512964895601, 5.071164794750797]",False,1.3312853659637458,"[1.3233065558352746, 1.3365424788309168]",3.7891298088988377,"[3.7770423001018947, 4.101096224369762]",False,True,uniform,triton,"[21.36782958984375, 21.64602294921875]",51.16195852835084,100,21.5327783203125,21.638829589843752,21.64530361328125,49962850125.34261,95110.81057608167,5,1088.35986328125,3368.0,1,32,32768,0.0,0.0,0.9999920129776001,0.015625,1.7425729311071336e-05,0.0,0.0,0.003982455935329199,6.84126207488589e-05,0.0,0.0,0.9999938607215881,0.0078125,4.350375820649788e-05,0.0,0.0,0.0035286478232592344,0.0001239739212905988,0.0,0.0,0.9999964237213135,0.015625,8.84776636667084e-06,0.0,0.0,0.0026974284555763006,5.1154835091438144e-05,bfloat16,,"[30.19009033203125, 30.2769140625]",54.72770205925691,100,30.19473876953125,30.2694052734375,30.276163183593752,35630014361.495384,67826.38576978137,5,"[8.76830322265625, 8.846879272460937]",62.44403823327797,100,8.821171264648438,8.846328491210937,8.846824194335937,121961012174.37103,232168.71530513492,5,128,8,True,64,0.0,0.0,1.0,0.001953125,3.6980163713451475e-06,0.0,0.0,0.000578353414312005,2.2365007680491544e-05,168.50048828125,1256.8603515625,0.0,3368.0,32,ok
True,0.9308653248480808,"[0.9276130535777924, 0.9452973024715595]",4.248801830277276,"[4.1839348167135695, 4.277072515624026]",True,1.0636900995105991,"[1.0630056070028682, 1.071163112453517]",4.74237098441073,"[4.709285640699216, 5.132819597009168]",True,True,uniform,tilelang,"[25.4019775390625, 25.845390625]",43.28582465975072,100,25.4508056640625,25.70023828125,25.830875390625,42271313144.28782,80468.96538492899,5,1088.35986328125,3368.0,1,32,32768,0.0,0.0,0.9999919533729553,0.015625,1.7445863704779185e-05,0.0,0.0,0.004013493657112122,6.894580292282626e-05,0.0,0.0,0.999993622303009,0.0078125,4.3729836761485785e-05,0.0,0.0,0.0035572124179452658,0.00012497749412432313,0.0,0.0,0.9999964833259583,0.015625,8.847882781992666e-06,0.0,0.0,0.002697370946407318,5.115375097375363e-05,bfloat16,,"[32.49666015625, 32.592470703125]",50.7752644469819,100,32.5451513671875,32.58301171875,32.5915248046875,33056812791.00384,62927.96050919042,5,"[7.043659057617187, 7.097586669921875]",78.15324626025179,100,7.048070068359375,7.086786865234375,7.096506689453125,152643059102.0543,290575.9988388887,5,128,8,True,64,0.0,0.0,1.0,0.001953125,3.698602995427791e-06,0.0,0.0,0.0005783871165476739,2.236631371488329e-05,472.50048828125,1560.8603515625,0.0,3368.0,32,ok
,,,,,,,,,,,True,uniform,flex,"[16.720980224609374, 16.827181396484374]",16.41579846902384,100,16.746761474609375,16.810772216796874,16.825540478515624,16031053192.406094,15286.537662110657,5,1302.0556640625,4296.0,1,4,65536,0.0,0.0,0.9999924302101135,0.015625,3.0508840609400067e-06,0.0,0.0,0.0038985286373645067,2.5991510483436286e-05,0.0,0.0,0.9999943375587463,0.015625,3.729149102582596e-05,0.0,0.0,0.003356663743034005,0.00017809445853345096,0.0,0.0,0.9999966621398926,0.015625,1.5794822729731095e-06,0.0,0.0,0.002612210111692548,2.616081474116072e-05,bfloat16,,"[20.6381787109375, 20.72431396484375]",19.95635998016652,100,20.663447265625,20.72103857421875,20.72398642578125,12992421862.087578,12389.026705426486,5,"[3.9238336181640623, 3.9609405517578127]",34.782029802240785,100,3.951918029785156,3.959197021484375,3.960766198730469,67933651957.50153,64778.671538872295,5,128,8,,64,0.0,0.0,1.0,0.0009765625,6.481910531874746e-06,0.0,0.0,0.00024194022989831865,1.950852674781345e-05,262.0625,1564.1181640625,0.0,4296.0,32,ok
,,,,,,,,,,,True,uniform,sdpa,"[26.560693359375, 26.6557421875]",10.322667503295362,100,26.63182373046875,26.6530029296875,26.65546826171875,10080729983.686876,9612.559867881571,5,2379.2431640625,5324.0,1,4,65536,0.0,0.0,0.9999999403953552,0.0,0.0,0.0,0.0,0.0,0.0,0.0,0.0,0.9999998807907104,0.0001220703125,3.0330500333519694e-09,0.0,0.0,6.60779505778919e-06,3.505896870592551e-07,0.0,0.0,1.0000001192092896,0.0,0.0,0.0,0.0,0.0,0.0,bfloat16,,"[38.54591552734375, 38.60187255859375]",10.696268650289934,100,38.55243408203125,38.58597607421875,38.600282910156245,6963716569.199176,6640.307054420671,5,"[11.9548779296875, 12.038995361328125]",11.484091601216782,100,11.969229736328124,12.014150634765624,12.036510888671874,22429866408.62653,21388.17665292259,5,128,8,,64,0.0,0.0,1.0,0.0,0.0,0.0,0.0,0.0,0.0,2110.19140625,4489.4345703125,0.0,5324.0,32,ok
False,1.3316594925251917,"[1.3252952684861408, 1.346104041367023]",1.1941994965670197,"[1.1813849796909428, 1.19592507581197]",False,2.4409819728648934,"[2.4347361153672518, 2.459951602233011]",1.2407769097290875,"[1.2328475678426873, 1.2480090857754782]",False,True,uniform,triton,"[22.275107421875, 22.54288330078125]",12.327324335664054,100,22.30098388671875,22.46304931640625,22.53489990234375,12038402671.546928,11479.31415494451,5,1303.05615234375,5324.0,1,4,65536,0.0,0.0,0.9999929666519165,0.015625,2.9682196327485144e-06,0.0,0.0,0.0037504408974200487,2.5004210328916088e-05,0.0,0.0,0.9999957084655762,0.015625,3.41255399689544e-05,0.0,0.0,0.00294442567974329,0.00015622234786860645,0.0,0.0,0.9999967217445374,0.015625,1.5793617649251246e-06,0.0,0.0,0.002612201264128089,2.616072742966935e-05,bfloat16,,"[31.86472412109375, 32.14003173828125]",12.914602281245202,100,31.93030517578125,32.08079052734375,32.1341076171875,8407944193.5190115,8017.461737076441,5,"[9.633232421875, 9.708604736328125]",14.249195688003532,100,9.646560668945312,9.68613916015625,9.706358178710937,27830460328.131897,26537.95573215311,5,128,8,True,64,0.0,0.0,0.9999999403953552,0.0009765625,2.1496693989320192e-06,0.0,0.0,0.0001833350834203884,1.4782978723815177e-05,261.06298828125,1564.119140625,0.0,5324.0,32,ok
False,1.4685463833339396,"[1.4589981500551843, 1.4918620211886524]",1.082885167005759,"[1.065961243724952, 1.0874138202420913]",False,2.0434237386430283,"[2.0387690776249094, 2.0648703360140273]",1.4821762181381843,"[1.475067783333431, 1.49081544994311]",False,True,uniform,tilelang,"[24.49097412109375, 24.983857421875]",11.17826352325092,100,24.59339599609375,24.8549326171875,24.97096494140625,10916272971.924726,10409.298497883794,5,1301.05615234375,5324.0,1,4,65536,0.0,0.0,0.9999915957450867,0.015625,2.986920435432694e-06,0.0,0.0,0.004139343276619911,2.7597023290582e-05,0.0,0.0,0.9999939203262329,0.015625,3.728249066625722e-05,0.0,0.0,0.0034688380546867847,0.0001840460899984464,0.0,0.0,0.9999967217445374,0.015625,1.5794954606462852e-06,0.0,0.0,0.0026122056879103184,2.616077290440444e-05,bfloat16,,"[29.9691259765625, 30.91375732421875]",13.740327636106235,100,30.01145263671875,30.71076806640625,30.8934583984375,8945525804.756664,8530.07693758836,5,"[8.067382202148437, 8.114359130859375]",17.02144745824398,100,8.075443115234375,8.10949853515625,8.113873071289063,33245014566.88277,31701.04678430021,5,128,8,True,64,0.0,0.0,0.9999999403953552,0.0009765625,2.148240582755534e-06,0.0,0.0,0.00018339490634389222,1.478780268371338e-05,781.06298828125,2082.119140625,0.0,5324.0,32,ok
,,,,,,,,,,,True,uniform,flex,"[19.920419921875, 19.925159912109375]",27.6038674161016,100,19.920760498046874,19.925149658203125,19.925158886718748,26956901773.53672,25701.83001046566,5,1844.126953125,4370.0,1,8,65536,0.0,0.0,0.9999919533729553,0.015625,4.454229838302126e-06,0.0,0.0,0.0040227556601166725,3.529693276504986e-05,0.0,0.0,0.9999930262565613,0.015625,3.832848960882984e-05,0.0,0.0,0.003759726881980896,0.0001824862411012873,0.0,0.0,0.9999963045120239,0.015625,2.2525300664710812e-06,0.0,0.0,0.002686470514163375,2.8351465516607277e-05,bfloat16,,"[25.2956494140625, 25.306669921875]",32.59692586960324,100,25.30407470703125,25.30642578125,25.3066455078125,21221956946.356274,20233.89536775792,5,"[5.3874951171875, 5.400115356445313]",50.9394361345668,100,5.397488403320312,5.399334106445313,5.400037231445313,99491086200.32578,94858.93470100625,5,128,8,,64,0.0,0.0,0.9999999403953552,0.0009765625,8.499150681018364e-06,0.0,0.0,0.00036631125840358436,2.230806421721354e-05,266.125,2110.251953125,0.0,4370.0,32,ok
,,,,,,,,,,,True,uniform,sdpa,"[47.989443359375, 48.0234716796875]",11.454408711135233,100,48.006845703125,48.0223134765625,48.023355859375,11185946006.968,10665.145616235965,5,2972.876953125,5468.0,1,8,65536,0.0,0.0,0.9999999403953552,0.0,0.0,0.0,0.0,0.0,0.0,0.0,0.0,1.0,6.103515625e-05,9.470113582210615e-10,0.0,0.0,3.698316731970408e-06,1.7950557662516076e-07,0.0,0.0,0.9999998807907104,0.0,0.0,0.0,0.0,0.0,0.0,bfloat16,,"[68.6052734375, 69.02810546875]",12.01630191308641,100,68.6430029296875,68.87858593749999,69.013153515625,7823113224.665631,7458.881140798175,5,"[20.60836669921875, 20.6241162109375]",13.33787632792023,100,20.6138525390625,20.621009765625,20.62380556640625,26050539702.969196,24837.666759756754,5,128,8,,64,0.0,0.0,1.0,0.0,0.0,0.0,0.0,0.0,0.0,2160.6328125,5133.509765625,0.0,5468.0,32,ok
True,1.0428682683044708,"[1.0409531124494116, 1.0485955494936696]",2.310828973706388,"[2.2982075513486873, 2.315370890597438]",False,1.6726753584232938,"[1.662089312237759, 1.6884928552810647]",2.283262206462222,"[2.2618730174803283, 2.2978045773163807]",False,True,uniform,triton,"[20.7379736328125, 20.88882080078125]",26.469179526366133,100,20.77472900390625,20.84398583984375,20.8843373046875,25848808131.216927,24645.327498795734,5,1844.12744140625,5468.0,1,8,65536,0.0,0.0,0.9999923706054688,0.015625,4.341936801210977e-06,0.0,0.0,0.003908348269760609,3.429308708291501e-05,0.0,0.0,0.9999940395355225,0.015625,3.571667184587568e-05,0.0,0.0,0.0034817815758287907,0.00016899559705052525,0.0,0.0,0.9999963641166687,0.015625,2.2526055545313284e-06,0.0,0.0,0.002686493331566453,2.835170744219795e-05,bfloat16,,"[29.65626220703125, 29.741611328125]",27.781141557391297,100,29.69046630859375,29.72429296875,29.739879492187498,18086680701.426624,17244.592748339703,5,"[8.971107788085938, 9.11362060546875]",30.453868934007378,100,9.028245849609375,9.09757421875,9.112015966796875,59480212761.73316,56710.90580925559,5,128,8,True,64,0.0,0.0,1.0000001192092896,0.0009765625,2.1414984985312913e-06,0.0,0.0,0.00024011767527554184,1.4622975868405774e-05,266.12548828125,2110.2529296875,0.0,5468.0,32,ok
False,1.1266496710263265,"[1.1254943195334641, 1.140556331368293]",2.1389880742269045,"[2.112907660830659, 2.141452420693899]",False,1.410383857961642,"[1.399095965118518, 1.4584017518456178]",2.7078843876504624,"[2.6187272640994763, 2.7297215238320907]",False,True,uniform,tilelang,"[22.42292236328125, 22.72074951171875]",24.500843630439032,100,22.44371826171875,22.61943701171875,22.71061826171875,23926605107.850616,22812.619283022083,5,1844.12744140625,5468.0,1,8,65536,0.0,0.0,0.9999918341636658,0.015625,4.357382294983836e-06,0.0,0.0,0.004025003872811794,3.531665788614191e-05,0.0,0.0,0.9999933838844299,0.015625,3.670209844131023e-05,0.0,0.0,0.00364171015098691,0.00017675805429462343,0.0,0.0,0.9999963641166687,0.015625,2.252691047033295e-06,0.0,0.0,0.00268648867495358,2.8351658329484053e-05,bfloat16,,"[29.98999267578125, 31.00521240234375]",27.49493790183604,100,29.99952392578125,30.605922363281252,30.965283398437503,17900350196.50784,17066.93750429796,5,"[7.552546997070312, 7.87170654296875]",36.11742707278787,100,7.612530517578125,7.791350341796875,7.863670922851562,70541849751.5388,67257.53004441017,5,128,8,True,64,0.0,0.0,1.0000001192092896,0.0009765625,2.1418863980215974e-06,0.0,0.0,0.00024011371715459973,1.4622733942815103e-05,790.12548828125,2634.2529296875,0.0,5468.0,32,ok
,,,,,,,,,,,True,uniform,flex,"[31.467724609375, 33.64949951171875]",32.90392967318604,100,33.43213134765625,33.58702978515625,33.6432525390625,32132743821.470745,30629.216825919986,5,2410.2607421875,5128.0,1,16,65536,0.0,0.0,0.9999921321868896,0.015625,6.41246924715233e-06,0.0,0.0,0.003996584098786116,4.1440438508288935e-05,0.0,0.0,0.9999933242797852,0.015625,3.661328082671389e-05,0.0,0.0,0.0036461693234741688,0.00015230894496198744,0.0,0.0,0.9999966025352478,0.015625,3.2069247026811354e-06,0.0,0.0,0.0026771125849336386,3.1910636607790366e-05,bfloat16,,"[42.3080322265625, 43.01671875]",38.83117912412314,100,42.4935009765625,42.85886328125,43.000933203125,25280715575.601,24097.802639626992,5,"[8.156127319335937, 8.177671508789063]",67.30981309377849,100,8.171531372070312,8.176033081054687,8.177507666015625,131464478698.7861,125313.10881335607,5,128,8,,64,0.0,0.0,0.9999998211860657,0.001953125,8.669186172483023e-06,0.0,0.0,0.0004954669857397676,2.3643739041290246e-05,276.25,2686.5107421875,0.0,5128.0,32,ok
,,,,,,,,,,,True,uniform,sdpa,"[95.266376953125, 98.03826171875]",11.27464606295099,100,97.56833984375,97.95874609375,98.03031015625,11010396545.850576,10495.207786049003,5,3645.2607421875,6688.0,1,16,65536,0.0,0.0,1.0000001192092896,0.0,0.0,0.0,0.0,0.0,0.0,0.0,0.0,0.9999998807907104,0.0001220703125,3.3334472959722916e-09,0.0,0.0,9.793167919269763e-06,4.090832987913018e-07,0.0,0.0,1.0000001192092896,0.0,0.0,0.0,0.0,0.0,0.0,bfloat16,,"[138.6177734375, 139.4823046875]",11.835766465075016,100,139.4141015625,139.4731328125,139.48138749999998,7705577125.699881,7345.024560093987,5,"[38.0839892578125, 38.184072265625]",14.438634856197936,100,38.09392333984375,38.150851562499994,38.1807501953125,28200458703.511593,26880.92772342415,5,128,8,,64,0.0,0.0,0.9999998807907104,0.0,0.0,0.0,0.0,0.0,0.0,2262.265625,5907.5263671875,0.0,6688.0,32,ok
True,0.666097747440612,"[0.659812625912375, 0.7079783198000184]",4.381339288552976,"[4.277968866655484, 4.418359456317995]",False,1.1751464363829234,"[1.171787643375475, 1.2009669383653725]",3.966982304039899,"[3.8816931331446383, 3.9780992913948072]",False,True,uniform,triton,"[22.09931884765625, 22.36891845703125]",49.398049760136296,100,22.2690673828125,22.33273779296875,22.365300390625,48240282968.8831,45983.066214543585,5,2410.26123046875,6688.0,1,16,65536,0.0,0.0,0.999991774559021,0.015625,6.297566415014444e-06,0.0,0.0,0.0040906621143221855,4.2415929783601314e-05,0.0,0.0,0.999993622303009,0.015625,3.5077679058304057e-05,0.0,0.0,0.003555477363988757,0.00014852052845526487,0.0,0.0,0.9999964237213135,0.015625,3.2068087421066593e-06,0.0,0.0,0.002677090233191848,3.191037103533745e-05,bfloat16,,"[31.91208740234375, 32.0027392578125]",51.581415970004606,100,31.98967529296875,31.9990302734375,32.002368359375,33581651022.138416,32010.32803934314,5,"[9.577694702148438, 9.813739013671874]",57.27780896903087,100,9.602745971679688,9.77102685546875,9.809467797851562,111870720642.63843,106636.1645949991,5,128,8,True,64,0.0,0.0,1.0,0.001953125,2.1387577362474985e-06,0.0,0.0,0.00030550744850188494,1.4578849004465155e-05,276.25048828125,2686.51171875,0.0,6688.0,32,ok
True,0.7777691526260678,"[0.772744939629619, 0.8263222330668049]",3.75227047900328,"[3.663741890609895, 3.770342673137403]",True,1.0091734258961804,"[1.0025102633005378, 1.0123279212997023]",4.619409308808129,"[4.608405253809721, 4.650112112008445]",True,True,uniform,tilelang,"[25.9533984375, 26.04008544921875]",42.30552158322155,100,26.00248046875,26.03613134765625,26.0396900390625,41313985921.11479,39380.85834659704,5,2410.26123046875,6688.0,1,16,65536,0.0,0.0,0.9999913573265076,0.015625,6.3121033235802315e-06,0.0,0.0,0.004194194916635752,4.348945367382839e-05,0.0,0.0,0.9999931454658508,0.015625,3.5650016798172146e-05,0.0,0.0,0.003668621415272355,0.00015324681589845568,0.0,0.0,0.9999963641166687,0.015625,3.2068642212834675e-06,0.0,0.0,0.0026766418013721704,3.190502684446983e-05,bfloat16,,"[34.21114013671875, 34.29859619140625]",48.20007896022864,100,34.233818359375,34.29122119140625,34.29785869140625,31380259739.73219,29911.942315355995,5,"[8.192044067382813, 8.266183471679687]",66.69796426120226,100,8.246492309570312,8.262380249023437,8.265803149414062,130269461447.66066,124174.007754984,5,128,8,True,64,0.0,0.0,1.0,0.001953125,2.1392363578343065e-06,0.0,0.0,0.0003055478155147284,1.4580776223738212e-05,812.25048828125,3222.51171875,0.0,6688.0,32,ok
,,,,,,,,,,,True,uniform,flex,"[58.76154296875, 59.211826171875]",37.317901698748514,100,58.9843115234375,59.1909921875,59.209742773437505,36443263377.6841,34721.096968067926,5,1168.3857421875,5878.0,1,32,65536,0.0,0.0,0.9999914169311523,0.046875,9.118824891629629e-06,0.0,0.0,0.004132382571697235,4.865795199293643e-05,0.0,0.0,0.999992847442627,0.015625,3.467733768047765e-05,0.0,0.0,0.003778056474402547,0.00012529914965853095,0.0,0.0,0.999996542930603,0.015625,4.528273166215513e-06,0.0,0.0,0.002650404814630747,3.3563665056135505e-05,bfloat16,,"[73.3339599609375, 73.608037109375]",44.8980945577625,100,73.5388916015625,73.60570117187501,73.607803515625,29230530311.043297,27849.20951890558,5,"[14.333929443359375, 14.515208740234375]",76.01317237263066,100,14.478876953125,14.507279541015624,14.514415820312498,148463227290.29425,141447.4345372468,5,128,8,,64,0.0,0.0,0.9999998211860657,0.001953125,7.766003363940399e-06,0.0,0.0,0.0006711552268825471,2.407732063147705e-05,296.5,1464.8857421875,0.0,5878.0,32,ok
,,,,,,,,,,,True,uniform,sdpa,"[209.73947265625, 210.8066015625]",10.466869216358935,100,210.2988671875,210.64815625,210.79075703125,10221551969.100523,9738.521312024126,5,2620.3857421875,6934.0,1,32,65536,0.0,0.0,0.9999998807907104,0.0,0.0,0.0,0.0,0.0,0.0,0.0,0.0,1.0,0.00048828125,7.3458936711290335e-09,0.0,0.0,2.052529453067109e-05,6.807208592363168e-07,0.0,0.0,0.9999999403953552,0.0,0.0,0.0,0.0,0.0,0.0,bfloat16,,"[279.48544921875, 282.72]",11.782741385007075,100,280.2196875,281.76178906250004,282.62417890625,7671055589.197314,7308.551437878538,5,"[70.1772607421875, 70.3200341796875]",15.6750663943775,100,70.2124853515625,70.30147363281249,70.31817812499999,30615364051.518555,29168.60142103521,5,128,8,,64,0.0,0.0,1.0000001192092896,0.0,0.0,0.0,0.0,0.0,0.0,2468.53125,5088.9169921875,0.0,6934.0,32,ok
True,0.7211074813242763,"[0.7175124037424561, 0.7248328992407028]",4.9442499450979565,"[4.918838022780338, 4.960333966746061]",False,1.2083849586918443,"[1.1998616752582802, 1.2251114062309252]",4.0130461871641,"[3.9582560626251277, 4.0373302748172195]",False,True,uniform,triton,"[42.41861328125, 42.75376953125]",51.750817548330154,100,42.5340283203125,42.667697265625,42.745162304687504,50537907762.04117,48149.68346231057,5,1168.38623046875,6934.0,1,32,65536,0.0,0.0,0.9999921917915344,0.03125,8.921290827856865e-06,0.0,0.0,0.003956958651542664,4.659236947190948e-05,0.0,0.0,0.9999937415122986,0.015625,3.3039537811418995e-05,0.0,0.0,0.003506140783429146,0.0001162810658570379,0.0,0.0,0.9999964833259583,0.015625,4.528084446064895e-06,0.0,0.0,0.0026503957342356443,3.356354864081368e-05,bfloat16,,"[60.0162158203125, 60.402900390625]",54.795482448236186,100,60.2559912109375,60.387203125,60.4013306640625,35674142218.90377,33988.32147380313,5,"[17.3908203125, 17.7382373046875]",62.90476542750074,100,17.49605712890625,17.650201660156252,17.729433740234377,122860869975.58739,117054.9447175947,5,128,8,True,64,0.0,0.0,1.0,0.001953125,2.125113951478852e-06,0.0,0.0,0.00040402213926427066,1.449406954634469e-05,296.50048828125,1464.88671875,0.0,6934.0,32,ok
True,0.8584423973303945,"[0.8541040665869409, 0.8620227043157411]",4.15326134407486,"[4.140647654521277, 4.167243402624493]",True,0.9710577336192203,"[0.9666874361221507, 0.9810342984861213]",4.993837630056203,"[4.943717597664479, 5.016335295717753]",True,True,uniform,tilelang,"[50.4915283203125, 50.740224609375]",43.47164330979068,100,50.6346337890625,50.705648437499995,50.7367669921875,42452776669.71746,40446.62411367898,5,1168.38623046875,6934.0,1,32,65536,0.0,0.0,0.9999919533729553,0.03125,8.93546257429989e-06,0.0,0.0,0.004006797913461924,4.717921910923906e-05,0.0,0.0,0.9999935626983643,0.015625,3.333465792820789e-05,0.0,0.0,0.003569516120478511,0.00011838290083687752,0.0,0.0,0.9999964833259583,0.015625,4.528309091256233e-06,0.0,0.0,0.002650388516485691,3.35634576913435e-05,bfloat16,,"[64.5347900390625, 65.88197265625]",51.03550743919058,100,64.6952734375,65.745775390625,65.8683529296875,33226241822.389698,31656.09929724628,5,"[13.996768798828125, 14.20236572265625]",78.27873641387177,100,14.059825439453125,14.146249999999998,14.196754150390625,152888157058.3433,145663.25939247647,5,128,8,True,64,0.0,0.0,1.0,0.001953125,2.12469740290544e-06,0.0,0.0,0.0004038999613840133,1.4489685781882145e-05,856.50048828125,2024.88671875,0.0,6934.0,32,ok
,,,,,,,,,,,True,uniform,flex,"[0.340918506576477, 0.34312595830899534]",12.733848255961556,749,0.34255757350947097,0.3429736230338368,0.34311072478147947,12435398687.462458,1494639.265320007,5,343.203125,436.0,2,4,512,0.0,0.0,0.999991774559021,0.0234375,0.000269323936663568,0.0,0.0,0.004045512527227402,0.0006491177482530475,0.0,0.0,0.9999933242797852,0.015625,0.00026465102564543486,0.0,0.0,0.0036837290972471237,0.0005114912637509406,0.0,0.0,0.9999963641166687,0.03125,0.00014456556527875364,0.0,0.0,0.002686769003048539,0.0004915414028801024,bfloat16,,"[0.4938610012248411, 0.5104138390492585]",12.947814370574104,590,0.5053450762215307,0.5096922586731991,0.5103416810116526,8429566647.509182,1013169.0682102382,5,"[0.08039069243260889, 0.1029214904035905]",26.862124841536268,2118,0.0811938032775245,0.1004813866980015,0.10267748003303159,52465087581.12553,6305899.949654511,5,128,8,,64,0.0,0.0,0.9999992847442627,0.00390625,6.520057650050148e-05,0.0,0.0,0.0011041053803637624,0.00017462023242842406,15.125,358.328125,0.0,436.0,32,ok
,,,,,,,,,,,True,uniform,sdpa,"[0.6713899031929348, 0.6748417066491168]",6.478412549090481,460,0.6733248503311821,0.6747944442085598,0.6748369804050611,6326574754.971173,760405.6195878814,5,370.328125,504.0,2,4,512,0.0,0.0,0.9999998807907104,0.0,0.0,0.0,0.0,0.0,0.0,0.0,0.0,1.0000001192092896,0.0,0.0,0.0,0.0,0.0,0.0,0.0,0.0,1.0,0.0,0.0,0.0,0.0,0.0,0.0,bfloat16,,"[0.9689576572045348, 0.9741190286507284]",6.7325557338189785,266,0.9718618751468515,0.9737513033070959,0.9740822561163651,4383174305.871731,526823.8348403523,5,"[0.2837535984708235, 0.28444329573644844]",7.672632152876172,1055,0.284262041571016,0.2843911584067684,0.2844380820034804,14985609673.586273,1801155.008844504,5,128,8,,64,0.0,0.0,0.9999999403953552,0.0,0.0,0.0,0.0,0.0,0.0,81.8828125,452.2109375,0.0,504.0,32,ok
False,2.0412628635670003,"[1.9993500895032286, 2.0827089800190004]",0.962924274399639,"[0.9437619852876666, 0.9831102477143281]",False,2.445899974203497,"[1.9295476635951718, 2.5529288053786416]",1.4313877404988122,"[1.3765876834457482, 1.4535111251927482]",False,True,uniform,triton,"[0.6848925152561696, 0.713447734521694]",6.238220703094467,466,0.6992500534385059,0.7095464092467476,0.7130576019941993,6092012405.36569,732213.0294910686,5,343.20361328125,504.0,2,4,512,0.0,0.0,0.9999920129776001,0.0234375,0.00026227254420518875,0.0,0.0,0.0040051876567304134,0.0006426475010812283,0.0,0.0,0.9999938011169434,0.015625,0.0002451836771797389,0.0,0.0,0.00352104427292943,0.0004889022093266249,0.0,0.0,0.9999964237213135,0.03125,0.00014454612392000854,0.0,0.0,0.0026862139347940683,0.0004914398305118084,bfloat16,,"[0.8756647524626359, 0.8777617578921111]",7.468693811226054,368,0.8760720957880435,0.8775735108748726,0.8777429331903872,4862430866.683629,584426.7868610132,5,"[0.19556922313430547, 0.20649759182755237]",10.98251160098396,764,0.19859192134198095,0.20601289759131627,0.20644912240392874,21450217970.6718,2578151.1983980527,5,128,8,True,64,0.0,0.0,0.9999995231628418,0.00390625,3.7673675251426175e-05,0.0,0.0,0.0008729847031645477,0.00013806723291054368,16.12548828125,359.3291015625,0.0,504.0,32,ok
False,1.139986265398562,"[1.1376353337477396, 1.145676895388282]",1.7242151255848475,"[1.7187896480348346, 1.7295496579241152]",False,1.6496177796135647,"[1.3013680714866327, 1.7065683871358934]",2.1223287484094584,"[2.051503627954208, 2.1406937243469817]",False,True,uniform,tilelang,"[0.3899189591193756, 0.39174360347179366]",11.170176906920496,557,0.3905109289090552,0.3912791445610553,0.3916971575807198,10908375885.664547,1311102.8708731427,5,343.20361328125,504.0,2,4,512,0.0,0.0,0.9999916553497314,0.03125,0.00026510347379371524,0.0,0.0,0.004066859371960163,0.0006525429198518395,0.0,0.0,0.9999935626983643,0.01727294921875,0.0002519309346098453,0.0,0.0,0.003609912935644388,0.0005012417095713317,0.0,0.0,0.9999963641166687,0.03125,0.00014453360927291214,0.0,0.0,0.0026861787773668766,0.0004914334276691079,bfloat16,,"[0.524855738972198, 0.5319633417079411]",12.396919571814697,571,0.5278016205635672,0.5312520416313211,0.5318922117002791,8070911179.56686,970061.439851786,5,"[0.13278968324052526, 0.138562777904754]",16.283847794019852,1175,0.13393874148105053,0.13748023759557845,0.13845452387383644,31804390222.695026,3822643.055612383,5,128,8,True,64,0.0,0.0,0.9999995231628418,0.00390625,3.766916779568419e-05,0.0,0.0,0.0008729450637474656,0.00013806097558699548,35.12548828125,378.3291015625,0.0,504.0,32,ok
,,,,,,,,,,,True,uniform,flex,"[0.5722588433159722, 0.5762927020037616]",15.431205863712826,540,0.5740555939850984,0.5758690275969329,0.5762503345630787,15069536976.282057,1783799.3579879329,5,406.2705078125,594.0,2,8,512,0.0,0.0,0.9999918937683105,0.02099609375,0.00031842075986787677,0.0,0.0,0.004034669604152441,0.0007616347866132855,0.0,0.0,0.9999933242797852,0.015625,0.0002604660112410784,0.0,0.0,0.0036799388471990824,0.0004911719006486237,0.0,0.0,0.9999963045120239,0.015625,0.00016784487525001168,0.0,0.0,0.002671964233741164,0.0005497951060533524,bfloat16,,"[0.6888880852513906, 0.6926984228629977]",19.20292402258998,427,0.691954780239132,0.6926014527224824,0.6926887258489461,12501903660.540352,1479865.4901207804,5,"[0.11437907585730919, 0.15826716789832482]",32.793850030575854,728,0.1350614526769617,0.15743710234924987,0.1581841613434173,64050488340.96846,7581733.941876002,5,128,8,,64,0.0,0.0,0.9999990463256836,0.00390625,7.780664600431919e-05,0.0,0.0,0.001336440211161971,0.0001953433675225824,24.25,430.5205078125,0.0,594.0,32,ok
,,,,,,,,,,,True,uniform,sdpa,"[1.7212283270699638, 1.7255462918962752]",5.137923478514404,224,1.7241148267473494,1.725296265738351,1.7255212892804828,5017503396.986723,593927.9589236177,5,440.2705078125,688.0,2,8,512,0.0,0.0,1.0,0.0,0.0,0.0,0.0,0.0,0.0,0.0,0.0,1.0000001192092896,0.0,0.0,0.0,0.0,0.0,0.0,0.0,0.0,1.0,0.0,0.0,0.0,0.0,0.0,0.0,bfloat16,,"[2.361075414370184, 2.3702359134203768]",5.613622126025197,146,2.3670198623448204,2.3694662851830053,2.3701589505966396,3654701904.964321,432611.49443232967,5,"[0.6080762550188661, 0.6329610251789861]",7.270332086171739,646,0.609213578073602,0.6240352099155864,0.632068443652646,14199867355.804178,1680855.5108669717,5,128,8,,64,0.0,0.0,1.0,0.0,0.0,0.0,0.0,0.0,0.0,118.265625,558.5361328125,0.0,688.0,32,ok
False,1.207573313445249,"[1.2028856400923869, 1.2113647937942102]",2.4871313767430943,"[2.482128733979887, 2.4903351210242186]",False,1.418111215217353,"[1.2101825244500029, 1.6745384533766337]",3.180737770500406,"[3.1734169399329817, 3.304724504676462]",False,True,uniform,triton,"[0.6926462273848685, 0.694314253957648]",12.778690694718197,456,0.6932142157303659,0.6939679329855399,0.6942796218604372,12479190131.56074,1477176.8621639134,5,405.27099609375,688.0,2,8,512,0.0,0.0,0.9999920129776001,0.015625,0.00031066720839589834,0.0,0.0,0.003990998025983572,0.0007533907773904502,0.0,0.0,0.9999938011169434,0.015625,0.00024288048734888434,0.0,0.0,0.003528181929141283,0.0004709164786618203,0.0,0.0,0.9999964833259583,0.015625,0.00016790558584034443,0.0,0.0,0.00267345760948956,0.0005501023842953146,bfloat16,,"[0.8818597275609026, 0.8885231871193591]",15.009258628922371,313,0.8852905663438498,0.8877596431646866,0.8884468327238918,9771652753.204668,1156682.3808244162,5,"[0.1914316512442924, 0.1919377816689981]",23.12501987056746,1184,0.19153216078474716,0.19180891707136824,0.19192489520923514,45166054434.70207,5346360.610168333,5,128,8,True,64,0.0,0.0,0.9999995231628418,0.00390625,3.771593765122816e-05,0.0,0.0,0.0009382335119880736,0.00013713871885556728,24.25048828125,429.521484375,0.0,688.0,32,ok
True,0.7472030153243765,"[0.7374556642152189, 0.7512435301360252]",4.019514664677131,"[4.0003722443317935, 4.072642768000753]",False,0.9994970177075618,"[0.8529470827746015, 1.1802291472111741]",4.51290981873826,"[4.301473812934659, 4.688825279373163]",False,True,uniform,tilelang,"[0.42334054935874277, 0.43098859842112985]",20.65195876787758,692,0.42893607078949153,0.43055546049437765,0.4309452846284546,20167928484.25545,2387302.140655238,5,405.27099609375,688.0,2,8,512,0.0,0.0,0.999991774559021,0.01953125,0.0003127113450318575,0.0,0.0,0.0040211984887719154,0.000759091810323298,0.0,0.0,0.9999936819076538,0.015625,0.00024690895224921405,0.0,0.0,0.003581232624128461,0.0004779972950927913,0.0,0.0,0.9999964237213135,0.015625,0.00016786967171356082,0.0,0.0,0.0026724583003669977,0.0005498967948369682,bfloat16,,"[0.5461151509345332, 0.5533833564082279]",24.106563967700843,474,0.5512007057415282,0.5528540502620649,0.5533304257936116,15694377583.13857,1857762.4980040921,5,"[0.13405894971587012, 0.14162903334240434]",32.81035305717226,1823,0.13499351915787422,0.13986633267300638,0.14145276327546455,64082720814.789566,7585549.338871871,5,128,8,True,64,0.0,0.0,0.9999995827674866,0.00390625,3.771864794543944e-05,0.0,0.0,0.0009382588323205709,0.00013714241504203528,56.25048828125,461.521484375,0.0,688.0,32,ok
,,,,,,,,,,,True,uniform,flex,"[1.1627627286044033, 1.170359722979657]",15.682390731019206,308,1.1639558866426543,1.1681696309671774,1.170140713778409,15314834698.260942,1759516.8541200531,5,521.40234375,882.0,2,16,512,0.0,0.0,0.9999918341636658,0.015625,0.0003496512654237449,0.0,0.0,0.0040398756973445415,0.0008309224504046142,0.0,0.0,0.9999932050704956,0.015625,0.0002520964480936527,0.0,0.0,0.0036724188830703497,0.0004611998447217047,0.0,0.0,0.9999964237213135,0.015625,0.00018216655007563531,0.0,0.0,0.00267586181871593,0.0005855056806467474,bfloat16,,"[1.3638261865686487, 1.3736573678475839]",20.00346626022496,216,1.3687835975929543,1.3735448484067563,1.3736461159035012,13023090013.167292,1496218.9812921982,5,"[0.19963418699339675, 0.20073917524899595]",45.548312187753865,1066,0.2003763710580221,0.2006559991031382,0.20073085763441018,88961547241.70677,10220765.997438738,5,128,8,,64,0.0,0.0,0.999998927116394,0.00390625,7.888421532697976e-05,0.0,0.0,0.0014649741351604462,0.0001953177124960348,44.5,565.90234375,0.0,882.0,32,ok
,,,,,,,,,,,True,uniform,sdpa,"[5.0250244140625, 5.054704284667968]",3.618616915304867,100,5.044361267089844,5.050733947753907,5.054307250976563,3533805581.352409,405997.8838869955,5,578.40234375,1042.0,2,16,512,0.0,0.0,1.0000001192092896,0.0,0.0,0.0,0.0,0.0,0.0,0.0,0.0,1.0,0.0009765625,1.457262088777611e-09,0.0,0.0,6.181118806125596e-06,7.762542963973829e-07,0.0,0.0,1.0,0.0,0.0,0.0,0.0,0.0,0.0,bfloat16,,"[6.673497314453125, 6.70610595703125]",4.094864359738148,100,6.68652587890625,6.703856689453126,6.705881030273438,2665927317.537857,306287.60541565454,5,"[1.651720440576947, 1.658845689561632]",5.50261609182797,252,1.6586302499922494,1.6588124593098958,1.6588423665364582,10747297054.351503,1234753.7976047224,5,128,8,,64,0.0,0.0,1.0,0.0,0.0,0.0,0.0,0.0,0.0,194.53125,772.93359375,0.0,1042.0,32,ok
True,0.6148209067443439,"[0.611456802199346, 0.6181793231586246]",7.048894882525996,"[7.0105999681069004, 7.071487542444469]",True,0.9717857385701345,"[0.9625323408922294, 0.9757612804686435]",8.517900319898656,"[8.481202430632282, 8.599787977790456]",True,True,uniform,triton,"[0.7145169853643559, 0.7195334621912527]",25.50725025611448,458,0.7156244136360534,0.7181011349873772,0.7193902294708651,24909424078.236797,2861836.406047426,5,521.40283203125,1042.0,2,16,512,0.0,0.0,0.9999921321868896,0.015625,0.0003400617279112339,0.0,0.0,0.003987440373748541,0.0008201375603675842,0.0,0.0,0.9999937415122986,0.015625,0.00023651555238757282,0.0,0.0,0.0035411168355494738,0.00044471031287685037,0.0,0.0,0.9999964237213135,0.015625,0.00018214707961305976,0.0,0.0,0.002675661351531744,0.0005854618502780795,bfloat16,,"[0.9065563890183008, 0.9132436583166094]",30.080702938651132,327,0.9102319373267871,0.9128237289755352,0.913201665382502,19583790975.684334,2249975.9852578505,5,"[0.192868737493968, 0.19502643426767172]",46.870735368860956,939,0.19472289974062335,0.19493398453100041,0.19501718929400458,91544405017.30655,10517509.767613344,5,128,8,True,64,0.0,0.0,0.9999995827674866,0.00390625,3.6663135688286275e-05,0.0,0.0,0.0010046534007415175,0.00013394543202593923,44.50048828125,565.9033203125,0.0,1042.0,32,ok
True,0.49225551796848604,"[0.4885437783429342, 0.49328601919633913]",8.803980422821073,"[8.770231595868019, 8.864624625933718]",True,0.7061389044678622,"[0.6937338566005753, 0.7143213450629873]",11.722302794911691,"[11.588025628311026, 11.931915928106998]",True,True,uniform,tilelang,"[0.5690970715181327, 0.5739276758156967]",31.85823248003323,567,0.5729637078717482,0.5737864445546738,0.5739135526895944,31111555156.28245,3574397.4214478917,5,160.25146484375,1042.0,2,16,512,0.0,0.0,0.9999919533729553,0.015625,0.0003421205037739128,0.0,0.0,0.004012136720120907,0.0008252171101048589,0.0,0.0,0.999993622303009,0.015625,0.0002390789450146258,0.0,0.0,0.0035758567973971367,0.00044907312258146703,0.0,0.0,0.9999964833259583,0.015625,0.00018217645992990583,0.0,0.0,0.0026763034984469414,0.0005856023053638637,bfloat16,,"[0.6854735423291147, 0.692829471392773]",39.62118699223438,371,0.6910549276922591,0.6921627898100573,0.6927628032345015,25795043614.73592,2963584.974119476,5,"[0.13900787266570958, 0.1431331188930066]",64.50333199256106,1755,0.14149355114015758,0.14248831985343216,0.14306863898904915,125983070297.97083,14474157.892689662,5,128,8,True,64,0.0,0.0,0.9999995827674866,0.00390625,3.666560223791748e-05,0.0,0.0,0.001004679943434894,0.00013394896814133972,100.50048828125,260.751953125,0.0,1042.0,32,ok
,,,,,,,,,,,True,uniform,flex,"[2.3433848341850387, 2.4282571452937716]",16.345717772189314,146,2.3648215515972817,2.415892593174765,2.427020690081871,15962615011.903627,1732054.5802846819,5,356.5126953125,1104.0,2,32,512,0.0,0.0,0.9999918341636658,0.015625,0.00036231722333468497,0.0,0.0,0.004043135326355696,0.0008412509923800826,0.0,0.0,0.9999933242797852,0.015625,0.00023864366812631488,0.0,0.0,0.003673149272799492,0.0004257102555129677,0.0,0.0,0.999996542930603,0.03125,0.0001861227792687714,0.0,0.0,0.0026623145677149296,0.0005761035135947168,bfloat16,,"[2.6984381191972373, 2.7253714298856435]",21.41968061602988,138,2.7069525234941123,2.720009358723958,2.7248352227694745,13945104567.727787,1513140.6866024074,5,"[0.3845037980513139, 0.41169950311834164]",49.96230363640135,440,0.38683870488947086,0.40671680103648794,0.4112012329101563,97582624289.84639,10588392.392561458,5,128,8,,64,0.0,0.0,0.9999988079071045,0.00390625,7.950093277031556e-05,0.0,0.0,0.0016000141622498631,0.00019282510038465261,85.0,441.5126953125,0.0,1104.0,32,ok
,,,,,,,,,,,True,uniform,sdpa,"[16.627088623046873, 16.651082763671877]",2.324082284685532,100,16.632244873046876,16.644604248046875,16.650434912109375,2269611606.1382146,246268.62045770555,5,466.5126953125,1360.0,2,32,512,0.0,0.0,1.0,0.0,0.0,0.0,0.0,0.0,0.0,0.0,0.0,1.0,0.0009765625,2.78261014230452e-09,0.0,0.0,8.933416211220901e-06,1.035364107337955e-06,0.0,0.0,1.0000001192092896,0.0,0.0,0.0,0.0,0.0,0.0,bfloat16,,"[21.723916015625, 21.77228515625]",2.664996992687483,100,21.75689453125,21.7665947265625,21.77171611328125,1735024083.7809134,188262.1618685887,5,"[5.071341857910156, 5.0804135131835935]",3.804888218405887,100,5.079611206054688,5.080112243652343,5.080383386230468,7431422301.573998,806360.9268200953,5,128,8,,64,0.0,0.0,1.0000001192092896,0.0,0.0,0.0,0.0,0.0,0.0,353.0625,819.5751953125,0.0,1360.0,32,ok
True,0.6345164479243337,"[0.617940391446016, 0.6581987964371487]",11.084334195788406,"[10.685513859321503, 11.127478562791175]",True,1.0121730465477943,"[0.9510521812265333, 1.0183194871805268]",12.973160282840771,"[12.9473716573864, 12.975674660843113]",True,True,uniform,triton,"[1.494700239519033, 1.5565226990499614]",25.760904741965884,243,1.5005181708944186,1.5343912509243185,1.5543095542373973,25157133537.076057,2729723.691088982,5,356.51318359375,1360.0,2,32,512,0.0,0.0,0.9999920129776001,0.015625,0.0003532415721565485,0.0,0.0,0.0039881556294858456,0.0008298114407807589,0.0,0.0,0.9999937415122986,0.015625,0.0002250869874842465,0.0,0.0,0.003549420041963458,0.00041137030348181725,0.0,0.0,0.9999966025352478,0.03125,0.00018614552391227335,0.0,0.0,0.0026629276107996702,0.0005762361106462777,bfloat16,,"[1.8834090971610915, 1.886111407212808]",30.75752883467128,213,1.8851338417877055,1.8860161006730487,1.886101876558832,20024432835.07245,2172790.0211667153,5,"[0.391475624360746, 0.3921099904519934]",49.36142471567203,718,0.39154771045057885,0.3919415572227542,0.39209314712906945,96409032647.79694,10461049.549457133,5,128,8,True,64,0.0,0.0,0.9999995231628418,0.00390625,3.4660632081795484e-05,0.0,0.0,0.00105644715949893,0.0001273173256777227,85.00048828125,441.513671875,0.0,1360.0,32,ok
True,0.5520394099984747,"[0.5376179770028037, 0.5570893329389695]",12.740380911459418,"[12.690597946621473, 12.758958662464721]",True,0.7152843050632861,"[0.6720912998501006, 0.7525725370158501]",18.357851659661385,"[17.448262487632114, 18.543974559871735]",True,True,uniform,tilelang,"[1.303598318526994, 1.3105958397708721]",29.60969357646854,268,1.3054746940954407,1.3098497988572761,1.3105212356795126,28915716383.270058,3137556.031170796,5,356.51318359375,1360.0,2,32,512,0.0,0.0,0.9999920129776001,0.015625,0.0003545286599546671,0.0,0.0,0.004002606961876154,0.0008328182157129049,0.0,0.0,0.9999936819076538,0.015625,0.00022669261670671403,0.0,0.0,0.0035709405783563852,0.0004138645017519593,0.0,0.0,0.999996542930603,0.03125,0.0001861503697000444,0.0,0.0,0.002662443555891514,0.0005761313950642943,bfloat16,,"[1.5394079034978694, 1.6005851283217922]",37.62977139598567,264,1.5408559856992778,1.5781124924168441,1.5983378647312976,24498549085.928173,2658262.7046363037,5,"[0.27392246412194293, 0.29112418555459485]",69.84957349508856,1012,0.2766996541984468,0.28646346382472826,0.2906581133816082,136424948232.59486,14803054.27871038,5,128,8,True,64,0.0,0.0,0.9999995231628418,0.00390625,3.465892223175615e-05,0.0,0.0,0.001056396635249257,0.00012731124297715724,189.00048828125,545.513671875,0.0,1360.0,32,ok
,,,,,,,,,,,True,uniform,flex,"[1.0104562813895088, 1.0395016043526786]",17.04514949562263,350,1.0118408203125,1.0294160853794643,1.038493052455357,16645653804.318977,506008.44492701173,5,227.830078125,424.0,2,4,2048,0.0,0.0,0.9999915957450867,0.01953125,8.812004671199247e-05,0.0,0.0,0.004092260263860226,0.0002441774704493582,0.0,0.0,0.9999933838844299,0.015625,0.00015289924340322614,0.0,0.0,0.003679577959701419,0.0003299529489595443,0.0,0.0,0.9999964237213135,0.03125,4.558366708806716e-05,0.0,0.0,0.002674671821296215,0.0001899201888591051,bfloat16,,"[1.2668309946529202, 1.2916255763319673]",20.384603187328892,305,1.2691180119748975,1.2830275838883196,1.2907657770876027,13271226033.417246,403429.77971234336,5,"[0.254879833137902, 0.2697331783545278]",33.39826811096119,1096,0.2582016826546105,0.2652989631151631,0.2692897568305913,65230992404.22108,1982946.0239610006,5,128,8,,64,0.0,0.0,0.9999995231628418,0.00390625,4.095175245311111e-05,0.0,0.0,0.0010136753553524613,0.00010906562965828925,26.125,253.955078125,0.0,424.0,32,ok
,,,,,,,,,,,True,uniform,sdpa,"[1.9143213572235882, 1.9279761919515388]",8.981417219651426,197,1.9202958315157044,1.9259144429628015,1.927770017052665,8770915253.565845,266625.5852859267,5,303.955078125,518.0,2,4,2048,0.0,0.0,1.0,0.0,0.0,0.0,0.0,0.0,0.0,0.0,0.0,1.0000001192092896,0.0,0.0,0.0,0.0,0.0,0.0,0.0,0.0,1.0,0.0,0.0,0.0,0.0,0.0,0.0,bfloat16,,"[2.745351906590814, 2.780138054150063]",9.340566264083904,149,2.7696893679215604,2.776346337235214,2.7797588824585784,6081097828.1796255,184858.27541888453,5,"[0.858612578892151, 0.8619390597009355]",10.025324129964778,471,0.8601705952055135,0.8615932456500464,0.8619044782958466,19580711191.337456,595230.7633553458,5,128,8,,64,0.0,0.0,1.0,0.0,0.0,0.0,0.0,0.0,0.0,179.1328125,483.087890625,0.0,518.0,32,ok
False,1.623015704417064,"[1.5798278086930788, 1.6287200062138383]",1.169319577703967,"[1.1646640726924726, 1.1743540459379107]",False,2.323472223409609,"[2.2241403202430305, 2.3537540428356394]",1.4337982271965477,"[1.4282193280377709, 1.438154792133633]",False,True,uniform,triton,"[1.635193269149117, 1.647644971764606]",10.502146990465944,230,1.642233541737432,1.6468871274201766,1.6475691873301632,10256002920.376898,311770.5167916129,5,227.83056640625,518.0,2,4,2048,0.0,0.0,0.9999920725822449,0.015625,8.565823372919112e-05,0.0,0.0,0.00397554412484169,0.0002372132585151121,0.0,0.0,0.9999942779541016,0.015625,0.00014356606698129326,0.0,0.0,0.003419406246393919,0.00030662299832329154,0.0,0.0,0.9999964833259583,0.03125,4.557887586997822e-05,0.0,0.0,0.0026746538933366537,0.00018991892284248024,bfloat16,,"[2.24429184131408, 2.3142895644970154]",11.4456193862829,178,2.260294196311008,2.29373306102967,2.312233914150281,7451575121.27793,226519.18535013165,5,"[0.5987356363053455, 0.6017177903111501]",14.374291964614269,463,0.5999244376856101,0.6015055250658072,0.6016965637866158,28074788993.387245,853440.8132717427,5,128,8,True,64,0.0,0.0,0.9999997615814209,0.00390625,2.3199812858365476e-05,0.0,0.0,0.0008388867136090994,9.02593819773756e-05,26.12548828125,253.9560546875,0.0,518.0,32,ok
False,1.3596405367260143,"[1.3234609646107114, 1.3615981791812408]",1.395827784500886,"[1.3914850488255501, 1.4024722632613027]",False,1.767153914545105,"[1.6916054488688326, 1.7901852360298656]",1.8851727217675172,"[1.8802204688868054, 1.8971083725002562]",False,True,uniform,tilelang,"[1.3692219673922514, 1.3765020547746283]",12.536511699384159,269,1.375739796010978,1.376235406017658,1.3764753898989313,12242687206.429842,372163.40000090713,5,227.83056640625,518.0,2,4,2048,0.0,0.0,0.999991774559021,0.015625,8.630677621113136e-05,0.0,0.0,0.004084898624569178,0.0002437382354401052,0.0,0.0,0.9999936819076538,0.015625,0.00014727283269166946,0.0,0.0,0.0035558436065912247,0.00031885752105154097,0.0,0.0,0.999996542930603,0.03125,4.558320142677985e-05,0.0,0.0,0.0026746599469333887,0.00018991934484802186,bfloat16,,"[1.8375904658069349, 1.8570697383793522]",14.043920087903729,219,1.8421115265589327,1.853245370246504,1.8566873015660674,9143177140.562325,277941.9121036699,5,"[0.45341141690912934, 0.4574839011910035]",18.899467576687265,776,0.4562821142452279,0.45708382203406894,0.45744389327531004,36913022610.717316,1122112.7982343542,5,128,8,True,64,0.0,0.0,0.9999996423721313,0.00390625,2.3197171685751528e-05,0.0,0.0,0.0008388304268009961,9.02533283806406e-05,71.12548828125,298.9560546875,0.0,518.0,32,ok
,,,,,,,,,,,True,uniform,flex,"[1.345022033457555, 1.4711950309431872]",24.318016926356712,261,1.4239719434716236,1.4691055239388768,1.4709860802427561,23748063404.645226,719115.2920495768,5,315.1494140625,634.0,2,8,2048,0.0,0.0,0.9999918937683105,0.015625,0.00011800962238339707,0.0,0.0,0.004020191263407469,0.0003060999733861536,0.0,0.0,0.9999934434890747,0.015625,0.0001510115253040567,0.0,0.0,0.003636338748037815,0.00030969770159572363,0.0,0.0,0.9999964237213135,0.03125,6.065347042749636e-05,0.0,0.0,0.002686337335035205,0.00022958230692893267,bfloat16,,"[1.6430293392373003, 1.6849728937018407]",31.164155246684754,219,1.6667309068653682,1.6794999632116867,1.6844256006528253,20289163572.060387,614376.3194058983,5,"[0.338858133691656, 0.34289195653422716]",50.88598912986223,782,0.3402525372517383,0.3419909308938419,0.34280185397018864,99386697519.26218,3009529.3580202935,5,128,8,,64,0.0,0.0,0.9999992847442627,0.0078125,4.7870256821624935e-05,0.0,0.0,0.0012508976506069303,0.00011877687211381271,36.25,351.3994140625,0.0,634.0,32,ok
,,,,,,,,,,,True,uniform,sdpa,"[3.822978104695235, 3.993985619875464]",8.86728584615635,101,3.9051604318146658,3.9796131096263925,3.992548368850557,8659458834.13706,262217.14008409216,5,403.6494140625,704.0,2,8,2048,0.0,0.0,1.0,0.0,0.0,0.0,0.0,0.0,0.0,0.0,0.0,1.0,0.000244140625,1.3119860753363355e-10,0.0,0.0,1.749639523040969e-06,1.4901233669206704e-07,0.0,0.0,1.0,0.0,0.0,0.0,0.0,0.0,0.0,bfloat16,,"[5.2569921875, 5.4678411865234375]",9.77871152430572,100,5.311769409179687,5.425303100585937,5.463587377929688,6366348648.636537,192779.45278090288,5,"[1.4252345872961956, 1.449230571038167]",12.09212654299277,253,1.4318479756592761,1.4450148510838685,1.448808999042737,23617434654.282753,715159.7218472249,5,128,8,,64,0.0,0.0,1.0,0.0,0.0,0.0,0.0,0.0,0.0,217.265625,620.9150390625,0.0,704.0,32,ok
False,1.0732912165762378,"[1.0388402267775931, 1.1362911101540096]",2.5551704277667464,"[2.501320134651596, 2.6132892932363285]",False,1.6285818788520336,"[1.61604582971982, 1.6475754007345582]",2.5839609096114304,"[2.558080945726829, 2.61533012459109]",False,True,uniform,triton,"[1.5234508094283452, 1.5303235831239674]",22.65742656865333,227,1.5283365795790886,1.5301194514472054,1.5303031699562912,22126393133.45052,670009.4819964425,5,315.14990234375,704.0,2,8,2048,0.0,0.0,0.9999921321868896,0.01953125,0.0001149948438978754,0.0,0.0,0.003973167855292559,0.00030251959105953574,0.0,0.0,0.9999939203262329,0.015625,0.00014322195784188807,0.0,0.0,0.0035000352654606104,0.0002980890858452767,0.0,0.0,0.9999964833259583,0.03125,6.064602712285705e-05,0.0,0.0,0.0026859219651669264,0.0002295468293596059,bfloat16,,"[2.0868939486416904, 2.1201433701948686]",24.781580407372246,176,2.0960027521306817,2.111202760176225,2.1192493091930045,16133841411.049639,488548.9768365322,5,"[0.5527027175462914, 0.5592965869223525]",31.245582301168124,589,0.5541291164016076,0.5588956823170894,0.5592564964618262,61026527931.968994,1847944.765381813,5,128,8,True,64,0.0,0.0,0.9999995231628418,0.0078125,2.300415508216247e-05,0.0,0.0,0.0009355233050882816,8.883103146217763e-05,36.25048828125,351.400390625,0.0,704.0,32,ok
True,0.9583124086728381,"[0.92755206096365, 1.0145632927089867]",2.861741069152377,"[2.7996351607901997, 2.926833065521563]",False,1.2498361665649909,"[1.2348984660595002, 1.2554594825654348]",3.366994831507278,"[3.351443428833408, 3.41384559190103]",False,True,uniform,tilelang,"[1.3620242274759387, 1.3683723478716137]",25.375876077859207,263,1.364609983030834,1.3672343090913142,1.3682585439935837,24781128982.28438,750397.5588143285,5,315.14990234375,704.0,2,8,2048,0.0,0.0,0.9999918937683105,0.017578125,0.00011569793423404917,0.0,0.0,0.0040551843121647835,0.0003087643417529762,0.0,0.0,0.9999934434890747,0.015625,0.00014552235370501876,0.0,0.0,0.003614959307014942,0.000307876878650859,0.0,0.0,0.9999964237213135,0.03125,6.06498506385833e-05,0.0,0.0,0.0026861419901251793,0.00022956563043408096,bfloat16,,"[1.7630317650031095, 1.7798653218283582]",29.233616786968188,201,1.7767989884561568,1.7792215072100435,1.7798009403665267,19032302595.682415,576317.3024370886,5,"[0.4206550631952779, 0.42600411396787297]",40.71412757218862,677,0.42525992682272434,0.42577153125576994,0.42598085569666266,79519780414.43091,2407939.0871617887,5,128,8,True,64,0.0,0.0,0.9999995231628418,0.0078125,2.301262429682538e-05,0.0,0.0,0.0009359625400975347,8.887273725122213e-05,92.25048828125,407.400390625,0.0,704.0,32,ok
,,,,,,,,,,,True,uniform,flex,"[2.2594460434054735, 2.272505102690703]",30.843176566642015,161,2.2628414556846854,2.2691585564465258,2.272170448066285,30120289615.861343,905056.7793227567,5,248.2587890625,758.0,2,16,2048,0.0,0.0,0.999991774559021,0.015625,0.00014916103100404143,0.0,0.0,0.004048802889883518,0.00037708604941144586,0.0,0.0,0.9999932050704956,0.015625,0.00014839709911029786,0.0,0.0,0.003679255722090602,0.000295594654744491,0.0,0.0,0.9999964237213135,0.015625,7.563260442111641e-05,0.0,0.0,0.0026784013025462627,0.00026319787139073014,bfloat16,,"[2.7642868156719924, 2.7946786521968985]",37.62851187414586,133,2.782194209278078,2.7902048211348687,2.7942312690906954,24497729084.730377,736109.6479786772,5,"[0.5019853986440513, 0.5131374139622619]",69.15715126163576,643,0.5045987095098659,0.5106425094011227,0.512887923506148,135072561057.88235,4058670.7048642533,5,128,8,,64,0.0,0.0,0.999998927116394,0.00390625,4.838414679397829e-05,0.0,0.0,0.0014403045643121004,0.00012312796025071293,56.5,304.7587890625,0.0,758.0,32,ok
,,,,,,,,,,,True,uniform,sdpa,"[9.193560791015624, 9.277374877929688]",7.562959963172661,100,9.228294067382812,9.267307250976565,9.276368115234375,7385703089.035802,221926.17455035463,5,363.2587890625,1012.0,2,16,2048,0.0,0.0,0.9999999403953552,0.0,0.0,0.0,0.0,0.0,0.0,0.0,0.0,1.0,0.0009765625,6.865148005630317e-09,0.0,0.0,1.7174184904433787e-05,1.3797891824651742e-06,0.0,0.0,1.0,0.0,0.0,0.0,0.0,0.0,0.0,bfloat16,,"[12.238843994140625, 12.337706298828127]",8.525972717347623,100,12.2789306640625,12.317148681640624,12.335650537109375,5550763487.856525,166789.76826491964,5,"[3.016348668771197, 3.0786154103833576]",11.516845878107507,129,3.0300491687863373,3.0621342148891717,3.0769672908339394,22493839605.678722,675896.6227667885,5,128,8,,64,0.0,0.0,1.0000001192092896,0.0,0.0,0.0,0.0,0.0,0.0,296.53125,659.7900390625,0.0,1012.0,32,ok
True,0.6938979511274348,"[0.6901025189949098, 0.7041376293790129]",5.87721655945757,"[5.791749167753527, 5.921457779873153]",False,1.1003884342729409,"[1.0820777608208927, 1.1092755580612672]",5.457044852359794,"[5.413324937349557, 5.544511472187497]",False,True,uniform,triton,"[1.5624878458130411, 1.593351818266369]",44.44915353407298,231,1.5701810498258253,1.5894815023843345,1.5929647866781655,43407376498.11814,1304308.1880444153,5,248.25927734375,1012.0,2,16,2048,0.0,0.0,0.9999918937683105,0.015625,0.00014604843454435468,0.0,0.0,0.004013854078948498,0.0003738311061169952,0.0,0.0,0.9999936819076538,0.03125,0.00014136821846477687,0.0,0.0,0.0035720488522201777,0.0002869815507438034,0.0,0.0,0.9999964237213135,0.015625,7.562774408143014e-05,0.0,0.0,0.0026779507752507925,0.00026315360446460545,bfloat16,,"[2.1256091446526306, 2.141412077650512]",49.158497025002035,177,2.1296384994593045,2.138742324053231,2.1411451022907837,32004229833.9857,961665.5599154356,5,"[0.5534006262655645, 0.5597390150885517]",62.84794451454767,517,0.5552545838937077,0.558208272258825,0.559585940805579,122749891629.97592,3688398.185996873,5,128,8,True,64,0.0,0.0,0.9999995231628418,0.00390625,2.234759995189961e-05,0.0,0.0,0.0010113547323271632,8.645813068142161e-05,56.50048828125,304.759765625,0.0,1012.0,32,ok
True,0.7155241770732739,"[0.7124814674822942, 0.7168819726978906]",5.69958173268296,"[5.676754514636923, 5.731179414929669]",True,0.9383939744722481,"[0.9227789197327061, 0.9722400395122256]",6.399091644021412,"[6.176323538226278, 6.5016575805700585]",True,True,uniform,tilelang,"[1.6143559527292126, 1.6207490492497247]",43.10570845111148,227,1.6191177704260737,1.6204496812190254,1.620719112446655,42095418409.28856,1264886.3704714112,5,248.25927734375,1012.0,2,16,2048,0.0,0.0,0.9999918341636658,0.015625,0.0001464206725358963,0.0,0.0,0.0040369220077991486,0.00037597952177748084,0.0,0.0,0.999993622303009,0.03125,0.00014236371498554945,0.0,0.0,0.0036014928482472897,0.0002893471100833267,0.0,0.0,0.9999964237213135,0.015625,7.564440602436662e-05,0.0,0.0,0.0026787258684635162,0.0002632297982927412,bfloat16,,"[2.054768371582031, 2.156652069091797]",50.69335000998387,200,2.0651589965820314,2.125516143798828,2.1535384765625,33003483079.41658,991691.1982997771,5,"[0.4714444612201891, 0.49059106927169]",73.69735222408018,760,0.4735123885305304,0.48485705727025086,0.49001766807154606,143940141062.6566,4325124.4309692485,5,128,8,True,64,0.0,0.0,0.9999995231628418,0.00390625,2.234813837276306e-05,0.0,0.0,0.0010113874450325966,8.646093192510307e-05,136.50048828125,384.759765625,0.0,1012.0,32,ok
,,,,,,,,,,,True,uniform,flex,"[4.563688354492188, 4.581286926269531]",30.996256530837798,100,4.572614135742188,4.580108459472656,4.581169079589843,30269781768.396286,895767.689642409,5,496.52734375,1248.0,2,32,2048,0.0,0.0,0.9999918937683105,0.015625,0.00017346913227811456,0.0,0.0,0.004037677310407162,0.00042341009248048067,0.0,0.0,0.9999933838844299,0.0078125,0.00014266889775171876,0.0,0.0,0.0036626853980123997,0.0002703228674363345,0.0,0.0,0.999996542930603,0.015625,8.76036865520291e-05,0.0,0.0,0.0026708224322646856,0.0002895851794164628,bfloat16,,"[5.5598876953125, 5.729261474609375]",38.056583144860056,100,5.586441650390625,5.723044677734375,5.728639794921875,24776421318.26826,733203.7558673136,5,"[0.969357189119171, 0.9789044474073024]",72.92782495239481,386,0.9717410389005829,0.9780702264815415,0.9788210253147264,142437158110.14612,4215114.764149684,5,128,8,,64,0.0,0.0,0.9999986886978149,0.00390625,4.811621329281479e-05,0.0,0.0,0.0016552633605897427,0.00012679975770879537,97.0,593.52734375,0.0,1248.0,32,ok
,,,,,,,,,,,True,uniform,sdpa,"[26.1761962890625, 26.2838671875]",5.403795129264923,100,26.2285888671875,26.26754296875,26.282234765625,5277143680.922776,156165.47351215602,5,672.52734375,1582.0,2,32,2048,0.0,0.0,0.9999999403953552,0.0,0.0,0.0,0.0,0.0,0.0,0.0,0.0,1.0000001192092896,0.0009765625,7.74234720779532e-09,0.0,0.0,1.8983342670253478e-05,1.4010572613187833e-06,0.0,0.0,1.0000001192092896,0.0,0.0,0.0,0.0,0.0,0.0,bfloat16,,"[34.37201416015625, 34.44007080078125]",6.183117980938648,100,34.38408935546875,34.436161621093746,34.4396798828125,4025467435.5069323,119124.86492385571,5,"[8.0750537109375, 8.098973999023437]",8.76099197511739,100,8.088919677734374,8.097781860351564,8.09885478515625,17111312451.401154,506371.6989642861,5,128,8,,64,0.0,0.0,0.9999998807907104,0.0,0.0,0.0,0.0,0.0,0.0,461.0625,1133.58984375,0.0,1582.0,32,ok
True,0.7379178195322196,"[0.7358035629717633, 0.7416196799556145]",7.773245301629179,"[7.734444458122486, 7.790124846638036]",False,1.201977383672383,"[1.1931815762389937, 1.2105059891579537]",6.925381180811908,"[6.876588490435031, 6.944672652271966]",False,True,uniform,triton,"[3.3687594431751178, 3.39114063190964]",42.005025099525206,106,3.37421345260908,3.3851017214217274,3.390536740860849,41020532323.75508,1213912.5332550628,5,496.52783203125,1582.0,2,32,2048,0.0,0.0,0.9999920725822449,0.015625,0.0001696669205557555,0.0,0.0,0.0039871009066700935,0.0004181064141448587,0.0,0.0,0.9999937415122986,0.015625,0.00013623133418150246,0.0,0.0,0.003551635891199112,0.00026212690863758326,0.0,0.0,0.999996542930603,0.015625,8.759099000599235e-05,0.0,0.0,0.002670255023986101,0.00028952365391887724,bfloat16,,"[4.540066528320312, 4.556771850585937]",46.70982266969525,100,4.551524047851562,4.5549818115234375,4.5565928466796874,30410040800.582844,899918.3475551268,5,"[1.1657847760031033, 1.1762983474997277]",60.673208949722124,287,1.1680107515448062,1.174590511521396,1.1761275639018947,118502361229.92603,3506817.0345030194,5,128,8,True,64,0.0,0.0,0.999999463558197,0.00390625,2.1764377379440702e-05,0.0,0.0,0.001091717858798802,8.362992957700044e-05,97.00048828125,593.5283203125,0.0,1582.0,32,ok
True,0.7771718715535203,"[0.7707903197627364, 0.7829391055114863]",7.380627675318871,"[7.326260986695757, 7.436525175764461]",True,0.9151426625059195,"[0.906716502823117, 0.9193990915430977]",9.096015182870369,"[9.060424520921218, 9.134994489504946]",True,True,uniform,tilelang,"[3.528940737826153, 3.5800784212871664]",39.88339988280601,103,3.5537070857668387,3.5716811689358314,3.579238696052033,38948632698.05274,1152599.2157330948,5,496.52783203125,1582.0,2,32,2048,0.0,0.0,0.9999918937683105,0.015625,0.0001701069122646004,0.0,0.0,0.004005561117082834,0.000420042168116197,0.0,0.0,0.9999937415122986,0.015625,0.0001368555094813928,0.0,0.0,0.003571846289560199,0.00026361853815615177,0.0,0.0,0.999996542930603,0.015625,8.759919728618115e-05,0.0,0.0,0.002670478308573365,0.00028954786830581725,bfloat16,,"[4.388999938964844, 4.4491510009765625]",48.092275748166756,100,4.420686645507812,4.445061401367187,4.448742041015625,31310075356.8794,926552.8929000769,5,"[0.8856978124501754, 0.8925957193180006]",79.69011602267324,392,0.8892816816057477,0.8922764058015784,0.8925637879663584,155644757856.78366,4605964.661955009,5,128,8,True,64,0.0,0.0,0.9999993443489075,0.00390625,2.176547968701925e-05,0.0,0.0,0.0010917355539277196,8.363128290511668e-05,225.00048828125,721.5283203125,0.0,1582.0,32,ok
,,,,,,,,,,,,uniform,flex,,,,,,,,,,,,2,4,8192,,,,,,,,,,,,,,,,,,,,,,,,,,,,bfloat16,FailOnRecompileLimitHit: Hard failure due to fullgraph=True,,,,,,,,,,,,,,,,,,,128,8,,64,,,,,,,,,,,,,,32,error
,,,,,,,,,,,True,uniform,sdpa,"[6.370347900390625, 6.998829956054688]",10.556730780842532,100,6.5158984375,6.915818237304688,6.990528784179688,10309307403.166534,78577.03813389127,5,778.5908203125,1476.0,2,4,8192,0.0,0.0,1.0,0.0,0.0,0.0,0.0,0.0,0.0,0.0,0.0,1.0,1.52587890625e-05,7.279954417072076e-12,0.0,0.0,1.6319859241775703e-07,1.05367137237522e-08,0.0,0.0,1.0,0.0,0.0,0.0,0.0,0.0,0.0,bfloat16,,"[9.230841674804687, 9.251802978515625]",11.175928628622609,100,9.23233154296875,9.246412109375001,9.251263891601564,7275995200.926178,55457.280494864164,5,"[2.8711614301127772, 3.1191728653446322]",11.831971815726149,124,2.9068098991147933,3.071419549757435,3.1143975337859127,23109319952.590134,176138.10939474186,5,128,8,,64,0.0,0.0,1.0,0.0,0.0,0.0,0.0,0.0,0.0,568.3828125,1346.9736328125,0.0,1476.0,32,ok
,,,,,,,,,,,True,uniform,triton,"[5.753873901367188, 5.810753173828125]",11.928895053193692,100,5.766383666992187,5.799943115234376,5.80967216796875,11649311575.384464,88790.48456847915,5,502.09130859375,1476.0,2,4,8192,0.0,0.0,0.9999918937683105,0.0234375,2.3149787011789158e-05,0.0,0.0,0.004039224702864885,8.971738861873746e-05,0.0,0.0,0.999994158744812,0.015625,8.035702194320038e-05,0.0,0.0,0.0034348913468420506,0.00022176947095431387,0.0,0.0,0.9999966621398926,0.015625,1.2336180589045398e-05,0.0,0.0,0.002604158129543066,7.955899491207674e-05,bfloat16,,"[7.781953125, 8.350208740234375]",12.871190930344321,100,8.0163427734375,8.248732666015625,8.340061132812501,8379681595.276251,63869.524354239715,5,"[2.270441662665852, 2.341699696119937]",15.124063514772129,179,2.274077516694309,2.3201714030857192,2.3395468668165154,29539186552.289314,225146.23896561976,5,128,8,,64,0.0,0.0,0.9999999403953552,0.00390625,1.0618517990224063e-05,0.0,0.0,0.0005899860989302397,5.167905692360364e-05,76.12548828125,578.216796875,0.0,1476.0,32,ok
,,,,,,,,,,,True,uniform,tilelang,"[5.875065307617188, 5.966326293945312]",11.660768699277313,100,5.898975219726562,5.941493530273437,5.9638430175781245,11387469432.888,86794.73653115853,5,502.09130859375,1476.0,2,4,8192,0.0,0.0,0.9999914169311523,0.0234375,2.3282671463675797e-05,0.0,0.0,0.004174071829766035,9.271254384657368e-05,0.0,0.0,0.999993085861206,0.015625,8.384350803680718e-05,0.0,0.0,0.0037054128479212523,0.00023923534899950027,0.0,0.0,0.9999967217445374,0.015625,1.2337575753917918e-05,0.0,0.0,0.0026041846722364426,7.955980254337192e-05,bfloat16,,"[7.628466186523437, 7.750772705078125]",13.445436178411367,100,7.673970336914063,7.7316564941406245,7.748861083984375,8753539178.653234,66719.04861778379,5,"[1.7734251063984035, 1.785855489006209]",19.289924223140087,229,1.7829667137179313,1.784734414446302,1.7857433815502184,37675633248.32048,287161.8387829305,5,128,8,,64,0.0,0.0,0.9999999403953552,0.00390625,1.0617544830893166e-05,0.0,0.0,0.000589954957831651,5.167632843949832e-05,216.12548828125,718.216796875,0.0,1476.0,32,ok
,,,,,,,,,,,,uniform,flex,,,,,,,,,,,,2,8,8192,,,,,,,,,,,,,,,,,,,,,,,,,,,,bfloat16,FailOnRecompileLimitHit: Hard failure due to fullgraph=True,,,,,,,,,,,,,,,,,,,128,8,,64,,,,,,,,,,,,,,32,error
,,,,,,,,,,,True,uniform,sdpa,"[13.647061767578125, 13.71296875]",10.057647466668472,100,13.69180908203125,13.706207519531251,13.712292626953124,9821921354.16843,74789.24033083905,5,833.6533203125,1556.0,2,8,8192,0.0,0.0,1.0,0.0,0.0,0.0,0.0,0.0,0.0,0.0,0.0,0.9999999403953552,0.000244140625,8.519729921552255e-10,0.0,0.0,5.5083560255297925e-06,3.2417611350865627e-07,0.0,0.0,1.0,0.0,0.0,0.0,0.0,0.0,0.0,bfloat16,,"[18.806201171875, 18.86835693359375]",10.952445861812734,100,18.859813232421875,18.86686572265625,18.8682078125,7130498607.950999,54295.341495728244,5,"[5.18090576171875, 5.204503173828125]",13.269001532837263,100,5.189063720703125,5.20191796875,5.204244653320313,25916018618.82278,197338.1047364064,5,128,8,,64,0.0,0.0,1.0,0.0,0.0,0.0,0.0,0.0,0.0,613.265625,1446.9189453125,0.0,1556.0,32,ok
,,,,,,,,,,,True,uniform,triton,"[5.68, 5.810455932617187]",23.984550246164,100,5.74150390625,5.7936683349609375,5.808777172851562,23422412349.76953,178350.4839011447,5,536.15380859375,1556.0,2,8,8192,0.0,0.0,0.999992311000824,0.015625,3.308544182800688e-05,0.0,0.0,0.00392219889909029,0.00011208778596483171,0.0,0.0,0.9999942183494568,0.015625,8.01182322902605e-05,0.0,0.0,0.003396692918613553,0.00019990115833934397,0.0,0.0,0.9999963045120239,0.03125,1.7303616914432496e-05,0.0,0.0,0.002694615162909031,9.350108302896842e-05,bfloat16,,"[7.94303955078125, 7.9990167236328125]",25.99249793798282,100,7.946950073242188,7.995370971679687,7.9986521484375,16922199178.374233,128854.46499127553,5,"[2.2421250406901043, 2.258101806640625]",30.5705440184864,150,2.252288818359375,2.2570733235677083,2.2579989583333333,59708093786.106255,454648.6186198393,5,128,8,,64,0.0,0.0,0.9999997615814209,0.001953125,1.0631086297507863e-05,0.0,0.0,0.0007241107523441315,5.1467686716932803e-05,84.25048828125,620.404296875,0.0,1556.0,32,ok
